instance_id,dataset,model,ground_truth_label,predicted_label,confidence,correct,model_refused,prompt_tokens,response_tokens,prompt_hash,jaccard_H_R,jaccard_H_CF,jaccard_H_RO,jaccard_R_CF,jaccard_R_RO,jaccard_CF_RO,overlap_H_R,overlap_H_CF,overlap_H_RO,overlap_R_CF,overlap_R_RO,overlap_CF_RO,rbo_H_RO,kendall_H_RO,normalized_kendall_H_RO,ecs,ecs_overlap,ecs_random,ecs_lift,ecs_random_weighted,ecs_lift_weighted,ecs_extraction_rationale,ecs_extraction_perturbation,ecs_primary_pairs,ecs_adj,ecs_adj_er,ecs_adj_ep,ecs_adj_rp,ecs_adj_n_components,ecs_adj_complete,n_degenerate_pairs,cf_flip_verified,cf_valid_first_attempt,cf_corrected,ro_self_corrected,cf_actual_label,highlighting_parsed,rationale_parsed,counterfactual_parsed,rank_ordering_parsed,cc3_size,cc4_size
sst2_validation_000665,sst2,eu.amazon.nova-pro-v1:0,positive,positive,0.9,True,False,1614,677,3c96c3fc1045fafc,0.6,,0.6,,0.6,,0.75,,0.75,,0.75,,0.23804099999999995,,,0.6,0.75,0.28003333333333597,0.319966666666664,0.27197142857143103,0.32802857142856895,0.6,,2,0.4515948517067711,0.4515948517067711,,,1,False,0,False,False,False,False,,True,True,False,True,3,3
sst2_validation_000657,sst2,eu.amazon.nova-pro-v1:0,negative,negative,0.95,True,False,970,282,b68aba988a2aa373,0.6,,1.0,,0.6,,1.0,,1.0,,1.0,,0.28067499999999995,,,0.6,1.0,0.38741904761905555,0.21258095238094443,0.3904285714285797,0.2095714285714203,0.6,,2,1.0,1.0,,,1,False,0,False,False,False,False,,True,True,False,True,3,3
sst2_validation_000361,sst2,eu.amazon.nova-pro-v1:0,negative,negative,0.95,True,False,1356,446,53ae850b6f80a8dd,0.5,0.3333333333333333,0.4,0.2,0.375,0.4,1.0,0.5,0.6666666666666666,0.5,1.0,0.6666666666666666,0.23544999999999994,,,0.36166666666666664,0.7333333333333333,0.2724624747474771,0.08920419191918955,0.2743136688311712,0.08735299783549544,0.4375,0.3666666666666667,4,0.16209381640268525,1.0,0.23934004547334897,-0.7530585962652933,3,True,0,True,True,False,True,positive,True,True,True,True,2,2
sst2_validation_000394,sst2,eu.amazon.nova-pro-v1:0,positive,positive,0.9,True,False,1450,585,67a8763d00facc6b,0.2857142857142857,0.2857142857142857,0.5,0.3333333333333333,0.4,0.4,1.0,1.0,0.8,0.5,1.0,1.0,0.3347750571428571,0.6666666666666669,0.8333333333333335,0.3409523809523809,0.9,0.09387380952380926,0.24707857142857165,0.09853285714285677,0.24241952380952414,0.34285714285714286,0.34285714285714286,4,0.7594339622641509,1.0,1.0,0.2783018867924528,3,True,0,True,True,False,False,negative,True,True,True,True,3,1
sst2_validation_000228,sst2,eu.amazon.nova-pro-v1:0,positive,positive,0.85,True,False,956,300,121db9f475afa812,0.4,,0.5,,0.4,,0.6666666666666666,,0.6666666666666666,,0.6666666666666666,,0.13545,,,0.4,0.6666666666666666,0.29554583333332946,0.10445416666667057,0.29969583333332894,0.10030416666667108,0.4,,2,0.22834645669291334,0.22834645669291334,,,1,False,0,False,False,False,False,,True,True,False,True,1,1
sst2_validation_000188,sst2,eu.amazon.nova-pro-v1:0,negative,negative,0.95,True,False,982,287,6c16dd54d427ba05,,,0.5,,,,,,0.6666666666666666,,,,0.24399999999999994,,,,,,,,,,,0,,,,,0,False,0,False,False,False,False,,True,False,False,True,0,0
sst2_validation_000513,sst2,eu.amazon.nova-pro-v1:0,negative,negative,0.8,True,False,1363,496,66ffc0207e802d03,0.125,0.375,0.375,0.0,0.14285714285714285,0.42857142857142855,0.3333333333333333,0.6,0.6,0.0,0.3333333333333333,0.6,0.10099349999999999,,,0.21428571428571427,0.37333333333333335,0.1721383333333336,0.042147380952380686,0.17654817460317504,0.037737539682539234,0.13392857142857142,0.4017857142857143,4,-0.032921187519592277,-0.046778837292016526,0.2706019663920962,-0.3225866916588565,3,True,0,True,True,False,False,positive,True,True,True,True,3,0
sst2_validation_000010,sst2,eu.amazon.nova-pro-v1:0,positive,positive,0.95,True,False,958,316,d9ae1018167dba5e,0.6,,0.5,,0.6,,1.0,,0.6666666666666666,,1.0,,0.2986749999999999,,,0.6,1.0,0.33025000000000415,0.2697499999999958,0.3315857142857179,0.26841428571428205,0.6,,2,1.0,1.0,,,1,False,0,False,False,False,False,,True,True,False,True,2,2
sst2_validation_000529,sst2,eu.amazon.nova-pro-v1:0,negative,negative,0.95,True,False,1173,442,b04c96a0a49e1956,0.375,0.4444444444444444,0.6666666666666666,0.75,0.5714285714285714,0.625,0.6,0.8,0.8,1.0,0.8,1.0,0.3511629999999999,1.0,1.0,0.5531746031746032,0.8400000000000001,0.2451684423909449,0.3080061607836583,0.2500443187368208,0.3031302844377824,0.4732142857142857,0.5347222222222222,4,0.7248183942572771,0.41432408712534236,0.7601310956464891,1.0,3,True,0,True,True,False,False,positive,True,True,True,True,5,3
sst2_validation_000007,sst2,eu.amazon.nova-pro-v1:0,negative,negative,0.9,True,False,1458,327,bed5ce4a26311b72,0.2,,1.0,,0.2,,0.3333333333333333,,1.0,,0.3333333333333333,,0.27099999999999996,,,0.2,0.3333333333333333,0.62975,-0.42975,0.65,-0.45,0.2,,2,-1.1333333333333333,-1.1333333333333333,,,1,False,0,False,False,False,True,negative,True,True,False,True,1,1
sst2_validation_000312,sst2,eu.amazon.nova-pro-v1:0,negative,positive,0.85,False,False,1020,315,c4f7026cf0a8528a,0.5,,,,,,0.6666666666666666,,,,,,,,,,,,,,,,,0,0.21259842519685032,0.21259842519685032,,,1,False,0,True,True,False,False,negative,True,True,False,False,0,0
sst2_validation_000498,sst2,eu.amazon.nova-pro-v1:0,positive,positive,0.95,True,False,1103,346,5f77cecbddbdff28,,,,0.125,0.14285714285714285,0.4,,,,0.25,0.3333333333333333,0.6666666666666666,,,,0.22261904761904763,0.4166666666666667,0.2987501984127006,-0.07613115079365299,,,0.14285714285714285,0.4,2,-0.21104940978998368,-0.4338549075391182,0.2887096774193548,-0.48800299925018764,3,True,0,True,True,False,False,negative,False,True,True,True,0,0
sst2_validation_000704,sst2,eu.amazon.nova-pro-v1:0,negative,negative,0.95,True,False,969,279,ea1645fe59cb3b1a,0.0,,0.2,,0.0,,0.0,,0.3333333333333333,,0.0,,0.11646899999999998,,,0.0,0.0,0.1255833333333347,-0.1255833333333347,0.13083333333333458,-0.13083333333333458,0.0,,2,-0.6000000000000001,-0.6000000000000001,,,1,False,0,False,False,False,False,,True,True,False,True,0,0
sst2_validation_000211,sst2,eu.amazon.nova-pro-v1:0,negative,positive,0.95,False,False,1503,604,feee7215259975eb,,0.5,0.4,,,0.6666666666666666,,1.0,0.6666666666666666,,,1.0,0.20844999999999997,,,0.5833333333333333,1.0,0.18291666666666487,0.4004166666666684,0.1983166666666649,0.38501666666666834,,0.5833333333333333,2,1.0,,1.0,,1,False,0,True,True,False,False,negative,True,False,True,True,2,2
sst2_validation_000287,sst2,eu.amazon.nova-pro-v1:0,positive,positive,0.9,True,False,1427,562,bed1fd6f76e1565c,0.4444444444444444,0.125,0.3333333333333333,0.14285714285714285,0.375,0.16666666666666666,0.6666666666666666,0.5,0.6,0.5,0.6,0.5,0.2723415428571428,,,0.2507936507936508,0.5533333333333333,0.16478397186147314,0.08600967893217765,0.17100645743145843,0.07978719336219237,0.4097222222222222,0.14583333333333331,4,0.179900620103728,0.2789215456560248,0.12564517952002408,0.13513513513513517,3,True,0,True,True,False,False,negative,True,True,True,True,3,1
sst2_validation_000838,sst2,eu.amazon.nova-pro-v1:0,negative,negative,0.85,True,False,1225,361,2412de35b11c862a,0.6666666666666666,,0.0,,0.0,,1.0,,0.0,,0.0,,0.0,,,0.3333333333333333,0.5,0.13108333333333322,0.2022500000000001,0.13518749999999985,0.19814583333333347,0.3333333333333333,,2,0.375886524822695,0.375886524822695,,,1,False,0,False,False,False,True,,True,True,False,True,0,0
sst2_validation_000474,sst2,eu.amazon.nova-pro-v1:0,negative,negative,0.95,True,False,923,255,aef980d489c56654,0.5,0.6666666666666666,1.0,0.25,0.5,0.6666666666666666,0.6666666666666666,1.0,1.0,0.5,0.6666666666666666,1.0,0.17099999999999996,,,0.5166666666666666,0.7666666666666666,0.530899999999996,-0.014233333333329434,0.5275416666666629,-0.010874999999996304,0.5,0.6666666666666666,4,-0.11111111111111109,-0.3333333333333333,1.0,-1.0,3,True,0,True,True,False,False,positive,True,True,True,True,3,1
sst2_validation_000536,sst2,eu.amazon.nova-pro-v1:0,negative,negative,0.9,True,False,1055,352,d1cdbcd72ce18ca6,0.25,,0.3333333333333333,,0.25,,1.0,,0.5,,1.0,,0.20844999999999997,,,0.25,1.0,0.09056249999999999,0.1594375,0.096,0.154,0.25,,2,1.0,1.0,,,1,False,0,False,False,False,False,,True,True,False,True,1,1
sst2_validation_000253,sst2,eu.amazon.nova-pro-v1:0,negative,negative,0.95,True,False,1554,578,8fc5af0786ea6624,,,0.42857142857142855,,,,,,0.6,,,,0.14781599999999995,,,,,,,,,,,0,,,,,0,False,0,False,False,False,False,negative,True,False,False,True,0,0
sst2_validation_000438,sst2,eu.amazon.nova-pro-v1:0,positive,positive,0.95,True,False,1505,639,033021dbf6989281,0.5,0.4,0.4444444444444444,0.6666666666666666,0.8,0.8333333333333334,1.0,0.6666666666666666,0.8,1.0,1.0,1.0,0.2866899021428571,0.0,0.5,0.64,0.9333333333333332,0.1590333136308131,0.48096668636918694,0.1589656268731265,0.4810343731268735,0.65,0.6166666666666667,4,0.8930314988716878,1.0,0.6790944966150635,1.0,3,True,0,True,True,False,False,negative,True,True,True,True,4,4
sst2_validation_000018,sst2,eu.amazon.nova-pro-v1:0,negative,negative,0.85,True,False,1091,298,9d30adc03789cc7c,0.5,0.6666666666666666,1.0,0.6666666666666666,0.5,0.6666666666666666,0.6666666666666666,1.0,1.0,1.0,0.6666666666666666,1.0,0.12599999999999997,,,0.5999999999999999,0.8666666666666666,0.530899999999996,0.06910000000000383,0.5324249999999963,0.0675750000000036,0.5,0.6666666666666666,4,0.5555555555555556,-0.3333333333333333,1.0,1.0,3,True,0,True,True,False,True,positive,True,True,True,True,2,2
sst2_validation_000666,sst2,eu.amazon.nova-pro-v1:0,positive,positive,0.95,True,False,1055,318,79fdd572735f0aa0,1.0,0.25,1.0,0.25,1.0,0.25,1.0,0.5,1.0,0.5,1.0,0.5,0.27099999999999996,,,0.55,0.7,0.15881166666666524,0.3911883333333348,0.16523999999999855,0.3847600000000015,1.0,0.25,4,0.4670542635658914,1.0,0.2005813953488372,0.2005813953488372,3,True,0,True,True,False,False,negative,True,True,True,True,3,1
sst2_validation_000723,sst2,eu.amazon.nova-pro-v1:0,positive,positive,0.95,True,False,1090,364,5f9eba5d809bcaeb,0.6,1.0,1.0,0.6,0.6,1.0,1.0,1.0,1.0,1.0,1.0,1.0,0.22004099999999996,,,0.76,1.0,0.2304933333333329,0.5295066666666671,0.23002571428571397,0.5299742857142861,0.6,1.0,4,1.0,1.0,1.0,1.0,3,True,0,True,True,False,False,negative,True,True,True,True,3,3
sst2_validation_000423,sst2,eu.amazon.nova-pro-v1:0,negative,negative,0.85,True,False,1000,298,ec24084067e92b7a,0.0,0.75,1.0,0.0,0.0,0.75,0.0,1.0,1.0,0.0,0.0,1.0,0.27099999999999996,,,0.3,0.4,0.27072999999999536,0.029270000000004626,0.2710483333333287,0.028951666666671316,0.0,0.75,4,0.0,-1.0,1.0,,2,False,1,True,True,False,False,positive,True,True,True,True,3,0
sst2_validation_000436,sst2,eu.amazon.nova-pro-v1:0,negative,negative,0.95,True,False,1146,260,aa8565930b325dea,0.6666666666666666,,1.0,,0.6666666666666666,,1.0,,1.0,,1.0,,0.17099999999999996,,,0.6666666666666666,1.0,0.35081249999999864,0.315854166666668,0.47739583333332597,0.18927083333334066,0.6666666666666666,,2,1.0,1.0,,,1,False,0,False,False,False,True,,True,True,False,True,2,2
sst2_validation_000665,sst2,qwen.qwen3-235b-a22b-2507-v1:0,positive,positive,0.95,True,False,1529,348,3c96c3fc1045fafc,0.2,,0.3333333333333333,,0.5,,0.5,,0.5,,1.0,,0.31981599999999993,,,0.35,0.75,0.1719749999999966,0.17802500000000337,0.18349999999999633,0.16650000000000365,0.35,,2,0.5408163265306123,0.5408163265306123,,,1,False,0,False,False,False,False,positive,True,True,False,True,1,1
sst2_validation_000657,sst2,qwen.qwen3-235b-a22b-2507-v1:0,negative,negative,0.98,True,False,1078,242,b68aba988a2aa373,0.6,0.6666666666666666,1.0,0.4,0.6,0.6666666666666666,1.0,1.0,1.0,1.0,1.0,1.0,0.32567499999999994,,,0.5866666666666667,1.0,0.3063659523809553,0.28030071428571135,0.3291423809523843,0.2575242857142824,0.6,0.6666666666666666,4,1.0,1.0,1.0,1.0,3,True,0,True,True,False,False,positive,True,True,True,True,3,2
sst2_validation_000361,sst2,qwen.qwen3-235b-a22b-2507-v1:0,negative,negative,0.98,True,False,1698,334,53ae850b6f80a8dd,0.0,,0.4,,0.25,,0.0,,0.6666666666666666,,0.5,,0.20844999999999997,,,0.125,0.25,0.15162083333333176,-0.02662083333333176,0.17054583333333162,-0.04554583333333162,0.125,,2,-0.12722252983880894,-0.12722252983880894,,,1,False,0,False,False,False,True,negative,True,True,False,True,0,0
sst2_validation_000394,sst2,qwen.qwen3-235b-a22b-2507-v1:0,positive,positive,0.95,True,False,1520,459,67a8763d00facc6b,0.42857142857142855,0.2857142857142857,0.42857142857142855,0.6666666666666666,1.0,0.6666666666666666,1.0,1.0,1.0,1.0,1.0,1.0,0.41734154285714287,,,0.6095238095238095,1.0,0.10455571428571395,0.5049680952380955,0.11436226190476122,0.49516154761904824,0.7142857142857143,0.47619047619047616,4,1.0,1.0,1.0,1.0,3,True,0,True,True,False,False,negative,True,True,True,True,3,2
sst2_validation_000228,sst2,qwen.qwen3-235b-a22b-2507-v1:0,positive,positive,0.95,True,False,1073,243,121db9f475afa812,0.0,0.6666666666666666,1.0,0.0,0.0,0.6666666666666666,0.0,1.0,1.0,0.0,0.0,1.0,0.32567499999999994,,,0.26666666666666666,0.4,0.19655000000000025,0.07011666666666641,0.21046666666666694,0.05619999999999972,0.0,0.6666666666666666,4,0.11248246844319776,-0.44516129032258067,1.0,-0.21739130434782605,3,True,0,True,True,False,False,negative,True,True,True,True,2,0
sst2_validation_000188,sst2,qwen.qwen3-235b-a22b-2507-v1:0,negative,negative,0.98,True,False,1460,309,6c16dd54d427ba05,0.6666666666666666,,1.0,,0.6666666666666666,,1.0,,1.0,,1.0,,0.36504099999999995,,,0.6666666666666666,1.0,0.1798333333333335,0.4868333333333331,0.20166666666666716,0.46499999999999947,0.6666666666666666,,2,1.0,1.0,,,1,False,0,False,False,False,False,negative,True,True,False,True,2,2
sst2_validation_000513,sst2,qwen.qwen3-235b-a22b-2507-v1:0,negative,negative,0.85,True,False,1426,400,66ffc0207e802d03,0.125,0.14285714285714285,0.375,0.0,0.0,0.16666666666666666,0.3333333333333333,0.5,0.6,0.0,0.0,0.5,0.24934049999999996,,,0.0869047619047619,0.26666666666666666,0.12301630952380907,-0.03611154761904717,0.13037726190476148,-0.04347249999999958,0.0625,0.15476190476190477,4,-0.07024570470325386,-0.20422963391807086,0.16565369196948143,-0.17216117216117216,3,True,0,True,True,False,False,positive,True,True,True,True,1,0
sst2_validation_000010,sst2,qwen.qwen3-235b-a22b-2507-v1:0,positive,positive,0.98,True,False,1436,299,d9ae1018167dba5e,0.42857142857142855,,1.0,,0.42857142857142855,,1.0,,1.0,,1.0,,0.28067499999999995,,,0.42857142857142855,1.0,0.3613839285714339,0.06718749999999463,0.3693750000000059,0.059196428571422655,0.42857142857142855,,2,,,,,0,False,2,False,False,False,False,positive,True,True,False,True,3,3
sst2_validation_000529,sst2,qwen.qwen3-235b-a22b-2507-v1:0,negative,negative,0.98,True,False,1286,357,b04c96a0a49e1956,0.8333333333333334,0.625,0.8,0.75,0.6666666666666666,0.5,1.0,1.0,1.0,1.0,1.0,1.0,0.32438799999999995,0.3333333333333334,0.6666666666666667,0.675,1.0,0.23164797341547225,0.44335202658452777,0.2756114915639883,0.39938850843601176,0.75,0.5625,4,1.0,1.0,1.0,1.0,3,True,0,True,True,False,False,positive,True,True,True,True,5,4
sst2_validation_000007,sst2,qwen.qwen3-235b-a22b-2507-v1:0,negative,negative,0.95,True,False,965,182,bed5ce4a26311b72,,,1.0,,,,,,1.0,,,,0.32567499999999994,,,,,,,,,,,0,,,,,0,False,0,False,False,False,False,,True,False,False,True,0,0
sst2_validation_000312,sst2,qwen.qwen3-235b-a22b-2507-v1:0,negative,negative,0.85,True,False,1249,238,c4f7026cf0a8528a,0.2,,0.5,,0.5,,0.3333333333333333,,0.6666666666666666,,0.6666666666666666,,0.19899999999999995,,,0.35,0.5,0.3629500000000034,-0.012950000000003403,0.3804500000000045,-0.03045000000000453,0.35,,2,-0.023622047244094543,-0.023622047244094543,,,1,False,0,False,False,False,True,,True,True,False,True,1,1
sst2_validation_000498,sst2,qwen.qwen3-235b-a22b-2507-v1:0,positive,positive,0.95,True,False,1179,274,5f77cecbddbdff28,0.4,0.3333333333333333,0.2,0.25,0.4,0.3333333333333333,0.6666666666666666,1.0,0.3333333333333333,1.0,0.6666666666666666,1.0,0.20844999999999997,,,0.3433333333333333,0.8666666666666666,0.16937500000000044,0.17395833333333288,0.18163499999999982,0.1616983333333335,0.4,0.3333333333333333,4,0.7629032258064515,0.2887096774193548,1.0,1.0,3,True,0,True,True,False,False,negative,True,True,True,True,1,1
sst2_validation_000704,sst2,qwen.qwen3-235b-a22b-2507-v1:0,negative,negative,0.98,True,False,1102,258,ea1645fe59cb3b1a,0.25,,0.5,,0.42857142857142855,,0.6666666666666666,,0.6666666666666666,,1.0,,0.19304099999999996,,,0.3392857142857143,0.8333333333333333,0.3613839285714339,-0.02209821428571962,0.3678125000000057,-0.028526785714291403,0.3392857142857143,,2,,,,,0,False,2,False,False,False,False,,True,True,False,True,2,2
sst2_validation_000211,sst2,qwen.qwen3-235b-a22b-2507-v1:0,negative,positive,0.95,False,False,1207,306,feee7215259975eb,,0.25,0.6,,,0.25,,1.0,0.75,,,1.0,0.22667499999999996,,,0.25,1.0,0.11206250000000001,0.1379375,0.11425,0.13574999999999998,,0.25,2,1.0,,1.0,,1,False,0,True,True,False,False,negative,True,False,True,True,1,1
sst2_validation_000287,sst2,qwen.qwen3-235b-a22b-2507-v1:0,positive,positive,0.95,True,False,1825,466,bed1fd6f76e1565c,0.2857142857142857,0.14285714285714285,0.42857142857142855,0.0,0.25,0.3333333333333333,1.0,1.0,1.0,0.0,0.5,1.0,0.31734154285714283,,,0.20238095238095238,0.7,0.08150833333333304,0.12087261904761934,0.08798273809523784,0.11439821428571455,0.26785714285714285,0.23809523809523808,4,0.49694749694749696,0.6336996336996337,1.0,-0.14285714285714285,3,True,1,True,True,False,True,negative,True,True,True,True,2,0
sst2_validation_000838,sst2,qwen.qwen3-235b-a22b-2507-v1:0,negative,negative,0.92,True,False,1430,296,2412de35b11c862a,0.0,,0.5,,0.0,,0.0,,0.6666666666666666,,0.0,,0.23544999999999994,,,0.0,0.0,0.13108333333333322,-0.13108333333333322,0.1426666666666666,-0.1426666666666666,0.0,,2,-0.24822695035460993,-0.24822695035460993,,,1,False,0,False,False,False,False,negative,True,True,False,True,0,0
sst2_validation_000474,sst2,qwen.qwen3-235b-a22b-2507-v1:0,negative,negative,0.95,True,False,999,196,aef980d489c56654,0.5,0.6666666666666666,1.0,0.25,0.5,0.6666666666666666,0.6666666666666666,1.0,1.0,0.5,0.6666666666666666,1.0,0.17099999999999996,,,0.5166666666666666,0.7666666666666666,0.530899999999996,-0.014233333333329434,0.5441916666666625,-0.027524999999995914,0.5,0.6666666666666666,4,-0.11111111111111109,-0.3333333333333333,1.0,-1.0,3,True,0,True,True,False,False,positive,True,True,True,True,3,1
sst2_validation_000536,sst2,qwen.qwen3-235b-a22b-2507-v1:0,negative,negative,0.95,True,False,1179,287,d1cdbcd72ce18ca6,0.4444444444444444,0.25,0.4,0.1111111111111111,0.2,0.3333333333333333,1.0,1.0,0.6666666666666666,1.0,0.6666666666666666,1.0,0.23544999999999994,,,0.2677777777777778,0.9333333333333332,0.17506686868686766,0.09271090909091012,0.17849838383838318,0.0892793939393946,0.3222222222222222,0.29166666666666663,4,1.0,1.0,1.0,,2,False,2,True,True,False,False,positive,True,True,True,True,2,1
sst2_validation_000253,sst2,qwen.qwen3-235b-a22b-2507-v1:0,negative,negative,0.98,True,False,1659,396,8fc5af0786ea6624,0.4,,0.5,,0.2,,1.0,,0.75,,0.5,,0.29304099999999994,,,0.30000000000000004,0.75,0.14764166666666545,0.1523583333333346,0.15323333333333186,0.14676666666666818,0.30000000000000004,,2,0.5805084745762712,0.5805084745762712,,,1,False,0,False,False,False,False,negative,True,True,False,True,1,1
sst2_validation_000438,sst2,qwen.qwen3-235b-a22b-2507-v1:0,positive,positive,0.95,True,False,1581,501,033021dbf6989281,0.2222222222222222,0.375,0.5,0.2,0.16666666666666666,0.75,0.6666666666666666,1.0,1.0,0.3333333333333333,0.3333333333333333,1.0,0.3900369021428571,0.6666666666666669,0.8333333333333335,0.3427777777777778,0.6666666666666666,0.10865666666666593,0.23412111111111186,0.11052388888888835,0.23225388888888943,0.19444444444444442,0.5625,4,0.4558540105912013,0.24675555350554895,1.0,0.12080647826805488,3,True,0,True,True,False,False,negative,True,True,True,True,3,1
sst2_validation_000018,sst2,qwen.qwen3-235b-a22b-2507-v1:0,negative,negative,0.85,True,False,1462,234,9d30adc03789cc7c,0.75,0.3333333333333333,1.0,0.25,0.75,0.3333333333333333,1.0,1.0,1.0,1.0,1.0,1.0,0.22599999999999992,,,0.4833333333333333,1.0,0.44926666666666454,0.03406666666666874,0.45166666666666433,0.03166666666666895,0.75,0.3333333333333333,4,,,,,0,False,5,True,False,True,True,positive,True,True,True,True,3,1
sst2_validation_000666,sst2,qwen.qwen3-235b-a22b-2507-v1:0,positive,positive,0.95,True,False,1135,264,79fdd572735f0aa0,0.75,0.3333333333333333,0.5,0.25,0.4,0.3333333333333333,1.0,1.0,0.6666666666666666,1.0,0.6666666666666666,1.0,0.3066939999999999,,,0.4133333333333334,0.9333333333333332,0.1354200000000005,0.2779133333333329,0.15969333333333383,0.25363999999999953,0.575,0.3333333333333333,4,0.8929961089494164,0.6789883268482491,1.0,1.0,3,True,0,True,True,False,False,negative,True,True,True,True,2,1
sst2_validation_000723,sst2,qwen.qwen3-235b-a22b-2507-v1:0,positive,positive,0.98,True,False,1191,278,5f9eba5d809bcaeb,0.4,1.0,1.0,0.4,0.4,1.0,0.6666666666666666,1.0,1.0,0.6666666666666666,0.6666666666666666,1.0,0.28067499999999995,,,0.6399999999999999,0.7999999999999999,0.2177316666666656,0.4222683333333343,0.25755333333333114,0.38244666666666877,0.4,1.0,4,0.5527156549520766,0.32907348242811507,1.0,0.32907348242811507,3,True,0,True,True,False,False,negative,True,True,True,True,3,2
sst2_validation_000423,sst2,qwen.qwen3-235b-a22b-2507-v1:0,negative,negative,0.85,True,False,1031,222,ec24084067e92b7a,,,1.0,,,,,,1.0,,,,0.17099999999999996,,,,,,,,,,,0,,,,,0,False,0,False,False,False,False,,True,False,False,True,0,0
sst2_validation_000436,sst2,qwen.qwen3-235b-a22b-2507-v1:0,negative,negative,0.98,True,False,991,186,aa8565930b325dea,0.4,,1.0,,0.4,,0.6666666666666666,,1.0,,0.6666666666666666,,0.28067499999999995,,,0.4,0.6666666666666666,0.5388624999999932,-0.13886249999999323,0.5645874999999962,-0.16458749999999622,0.4,,2,-0.6666666666666669,-0.6666666666666669,,,1,False,0,False,False,False,False,,True,True,False,True,2,2
sst2_validation_000665,sst2,deepseek.v3-v1:0,positive,positive,0.95,True,False,1142,315,3c96c3fc1045fafc,0.4,0.16666666666666666,0.75,0.0,0.5,0.2,0.6666666666666666,0.3333333333333333,1.0,0.0,0.6666666666666666,0.3333333333333333,0.25367499999999993,,,0.2533333333333333,0.39999999999999997,0.2117166666666647,0.041616666666668606,0.24595333333333064,0.007380000000002662,0.45,0.18333333333333335,4,0.013593544038263164,0.3517108809429418,-0.059626807743689315,-0.25130344108446295,3,True,0,True,True,False,False,negative,True,True,True,True,3,0
sst2_validation_000657,sst2,deepseek.v3-v1:0,negative,negative,0.95,True,False,1015,245,b68aba988a2aa373,0.6,1.0,1.0,0.6,0.6,1.0,1.0,1.0,1.0,1.0,1.0,1.0,0.27099999999999996,,,0.76,1.0,0.3540047619047667,0.4059952380952333,0.4249047619047711,0.3350952380952289,0.6,1.0,4,1.0,1.0,1.0,1.0,3,True,0,True,True,False,False,positive,True,True,True,True,3,3
sst2_validation_000361,sst2,deepseek.v3-v1:0,negative,negative,0.95,True,False,1086,293,53ae850b6f80a8dd,0.2857142857142857,0.4,,0.6,,,0.5,0.6666666666666666,,1.0,,,,,,0.42857142857142855,0.7222222222222222,0.23349206349206408,0.19507936507936446,0.28012361111111295,0.1484478174603156,0.2857142857142857,0.4,2,0.4620658375307345,0.028220858895705477,0.3579766536964981,1.0,3,True,0,True,True,False,False,positive,True,True,True,False,2,2
sst2_validation_000394,sst2,deepseek.v3-v1:0,positive,positive,0.95,True,False,1449,460,67a8763d00facc6b,0.42857142857142855,0.14285714285714285,0.25,0.3333333333333333,0.5,0.3333333333333333,1.0,1.0,0.6666666666666666,1.0,0.6666666666666666,1.0,0.34156102857142845,,,0.3476190476190476,0.9333333333333332,0.08429499999999952,0.2633240476190481,0.16981626984126863,0.17780277777777898,0.4642857142857143,0.23809523809523808,4,0.9067854694996572,0.7203564084989719,1.0,1.0,3,True,1,True,True,False,False,negative,True,True,True,True,2,1
sst2_validation_000228,sst2,deepseek.v3-v1:0,positive,positive,0.9,True,False,999,255,121db9f475afa812,0.75,0.6666666666666666,1.0,0.5,0.75,0.6666666666666666,1.0,1.0,1.0,1.0,1.0,1.0,0.27099999999999996,,,0.6666666666666666,1.0,0.2431966666666645,0.4234700000000021,0.2611916666666639,0.40547500000000275,0.75,0.6666666666666666,4,1.0,1.0,1.0,1.0,3,True,0,True,True,False,False,negative,True,True,True,True,3,2
sst2_validation_000188,sst2,deepseek.v3-v1:0,negative,negative,1.0,True,False,1106,316,6c16dd54d427ba05,0.5,0.6666666666666666,0.5,0.6666666666666666,0.5,0.6666666666666666,0.6666666666666666,1.0,0.6666666666666666,1.0,0.6666666666666666,1.0,0.24399999999999994,,,0.5999999999999999,0.8666666666666666,0.19782999999999842,0.40217000000000147,0.2508116666666663,0.34918833333333354,0.5,0.6666666666666666,4,0.7846153846153846,0.35384615384615387,1.0,1.0,3,True,0,True,True,False,False,positive,True,True,True,True,2,2
sst2_validation_000513,sst2,deepseek.v3-v1:0,negative,negative,0.85,True,False,1645,420,66ffc0207e802d03,,0.3333333333333333,0.2857142857142857,,,0.25,,1.0,0.6666666666666666,,,0.5,0.22302999999999992,,,0.29166666666666663,0.75,0.10681547619047575,0.18485119047619086,0.13177380952380952,0.15989285714285711,,0.29166666666666663,2,0.6336996336996337,,0.6336996336996337,,1,False,0,True,True,False,True,positive,True,False,True,True,1,1
sst2_validation_000010,sst2,deepseek.v3-v1:0,positive,positive,0.95,True,False,1017,256,d9ae1018167dba5e,0.75,0.5,0.5,0.4,0.4,1.0,1.0,0.6666666666666666,0.6666666666666666,0.6666666666666666,0.6666666666666666,1.0,0.24399999999999994,,,0.61,0.7999999999999999,0.2805183333333293,0.32948166666667067,0.3514816666666618,0.2585183333333382,0.575,0.75,4,0.5017234291496696,0.6141732283464567,0.6626506024096386,0.22834645669291334,3,True,0,True,True,False,False,negative,True,True,True,True,2,2
sst2_validation_000529,sst2,deepseek.v3-v1:0,negative,negative,0.99,True,False,1206,357,b04c96a0a49e1956,0.7142857142857143,0.625,0.8,0.875,0.5714285714285714,0.5,1.0,1.0,1.0,1.0,1.0,1.0,0.33316299999999993,0.6666666666666669,0.8333333333333335,0.6571428571428571,1.0,0.24334586913086861,0.4137969880119885,0.30767888722388703,0.3494639699189701,0.6428571428571428,0.5625,4,1.0,1.0,1.0,1.0,3,True,0,True,True,False,False,positive,True,True,True,True,5,4
sst2_validation_000007,sst2,deepseek.v3-v1:0,negative,negative,0.95,True,False,952,199,bed5ce4a26311b72,0.0,0.3333333333333333,1.0,0.0,0.0,0.3333333333333333,0.0,1.0,1.0,0.0,0.0,1.0,0.27099999999999996,,,0.13333333333333333,0.4,0.24633333333332902,-0.11299999999999569,0.3444666666666663,-0.21113333333333298,0.0,0.3333333333333333,4,-0.3333333333333333,,,-0.3333333333333333,1,False,4,True,True,False,False,positive,True,True,True,True,1,0
sst2_validation_000312,sst2,deepseek.v3-v1:0,negative,negative,0.95,True,False,997,228,c4f7026cf0a8528a,0.2,,0.5,,0.2,,0.3333333333333333,,0.6666666666666666,,0.3333333333333333,,0.24399999999999994,,,0.2,0.3333333333333333,0.3629500000000034,-0.16295000000000337,0.4568500000000046,-0.2568500000000046,0.2,,2,-0.2598425196850394,-0.2598425196850394,,,1,False,0,True,True,False,False,positive,True,True,False,True,1,1
sst2_validation_000498,sst2,deepseek.v3-v1:0,positive,positive,0.95,True,False,1119,274,5f77cecbddbdff28,0.6,0.25,0.5,0.4,0.6,0.6666666666666666,1.0,0.5,0.6666666666666666,1.0,1.0,1.0,0.19899999999999995,,,0.5033333333333333,0.9,0.22794000000000114,0.27539333333333216,0.3234335714285742,0.1798997619047591,0.6,0.4583333333333333,4,0.8571428571428571,1.0,0.5714285714285714,1.0,3,True,0,True,True,False,False,negative,True,True,True,True,3,1
sst2_validation_000704,sst2,deepseek.v3-v1:0,negative,negative,0.99,True,False,1022,267,ea1645fe59cb3b1a,0.5,,0.5,,0.5,,1.0,,0.6666666666666666,,1.0,,0.19867499999999996,,,0.5,1.0,0.346691964285719,0.15330803571428098,0.4029821428571488,0.09701785714285122,0.5,,2,1.0,1.0,,,1,False,0,False,False,False,False,,True,True,False,True,2,2
sst2_validation_000211,sst2,deepseek.v3-v1:0,negative,positive,0.95,False,False,1135,322,feee7215259975eb,0.5,0.5,0.75,0.4,0.3333333333333333,0.25,0.75,1.0,1.0,1.0,0.6666666666666666,0.5,0.25367499999999993,,,0.3966666666666666,0.7833333333333333,0.24082166666666743,0.15584499999999918,0.26125226190476286,0.13541440476190375,0.41666666666666663,0.375,4,0.6075178522987623,0.25112498546771556,0.5714285714285714,1.0,3,True,0,True,True,False,False,negative,True,True,True,True,3,1
sst2_validation_000287,sst2,deepseek.v3-v1:0,positive,positive,0.95,True,False,1437,443,bed1fd6f76e1565c,0.14285714285714285,0.14285714285714285,0.42857142857142855,0.0,0.0,0.3333333333333333,1.0,1.0,1.0,0.0,0.0,1.0,0.41734154285714287,,,0.12380952380952381,0.6,0.0642952380952377,0.059514285714286116,0.11294761904761881,0.010861904761905003,0.07142857142857142,0.23809523809523808,4,0.23418803418803416,-0.23076923076923078,1.0,-0.06666666666666667,3,True,2,True,True,False,False,negative,True,True,True,True,1,0
sst2_validation_000838,sst2,deepseek.v3-v1:0,negative,negative,0.85,True,False,1349,308,2412de35b11c862a,0.0,,0.2,,0.2,,0.0,,0.3333333333333333,,0.3333333333333333,,0.17199999999999996,,,0.1,0.16666666666666666,0.1661499999999968,-0.0661499999999968,0.2378499999999957,-0.1378499999999957,0.1,,2,-0.07667210440456773,-0.07667210440456773,,,1,False,0,False,False,False,False,negative,True,True,False,True,0,0
sst2_validation_000474,sst2,deepseek.v3-v1:0,negative,negative,0.95,True,False,925,199,aef980d489c56654,0.75,0.6666666666666666,1.0,0.5,0.75,0.6666666666666666,1.0,1.0,1.0,1.0,1.0,1.0,0.22599999999999992,,,0.6666666666666666,1.0,0.5858749999999974,0.08079166666666926,0.6155833333333305,0.051083333333336145,0.75,0.6666666666666666,4,1.0,,1.0,,1,False,3,True,True,False,False,positive,True,True,True,True,3,2
sst2_validation_000536,sst2,deepseek.v3-v1:0,negative,negative,0.95,True,False,1120,302,d1cdbcd72ce18ca6,0.25,0.25,0.16666666666666666,1.0,0.3333333333333333,0.3333333333333333,1.0,1.0,0.3333333333333333,1.0,1.0,1.0,0.19022499999999995,,,0.4333333333333333,1.0,0.09253333333333352,0.34079999999999977,0.19329999999999936,0.24003333333333393,0.29166666666666663,0.29166666666666663,4,1.0,1.0,1.0,1.0,3,True,0,True,True,False,False,positive,True,True,True,True,1,1
sst2_validation_000253,sst2,deepseek.v3-v1:0,negative,negative,0.99,True,False,1528,403,8fc5af0786ea6624,0.2,,0.3333333333333333,,0.3333333333333333,,1.0,,0.6666666666666666,,1.0,,0.3066939999999999,,,0.26666666666666666,1.0,0.08373333333333324,0.18293333333333342,0.1267333333333326,0.13993333333333408,0.26666666666666666,,2,1.0,1.0,,,1,False,0,False,False,False,False,negative,True,True,False,True,1,1
sst2_validation_000438,sst2,deepseek.v3-v1:0,positive,positive,0.95,True,False,1497,503,033021dbf6989281,0.3333333333333333,0.375,0.625,0.4,0.5,0.6,0.75,1.0,1.0,0.6666666666666666,0.75,1.0,0.42657112767857136,0.7999999999999999,0.8999999999999999,0.4416666666666667,0.8333333333333333,0.12436650432900312,0.31730016233766356,0.21078919191919127,0.23087747474747544,0.41666666666666663,0.4875,4,0.6652904051353414,0.535247832763407,1.0,0.46062338264261715,3,True,0,True,True,False,False,negative,True,True,True,True,4,2
sst2_validation_000018,sst2,deepseek.v3-v1:0,negative,negative,0.95,True,False,894,177,9d30adc03789cc7c,1.0,0.3333333333333333,1.0,0.3333333333333333,1.0,0.3333333333333333,1.0,1.0,1.0,1.0,1.0,1.0,0.27099999999999996,,,0.6,1.0,0.4009999999999968,0.19900000000000317,0.47233333333333166,0.12766666666666832,1.0,0.3333333333333333,4,1.0,1.0,,,1,False,3,True,True,False,False,positive,True,True,True,True,3,1
sst2_validation_000666,sst2,deepseek.v3-v1:0,positive,positive,0.95,True,False,1060,247,79fdd572735f0aa0,0.5,0.3333333333333333,1.0,0.3333333333333333,0.5,0.3333333333333333,0.6666666666666666,1.0,1.0,1.0,0.6666666666666666,1.0,0.27099999999999996,,,0.39999999999999997,0.8666666666666666,0.1268533333333322,0.27314666666666776,0.26331999999999955,0.1366800000000004,0.5,0.3333333333333333,4,0.7965976331360946,0.38979289940828404,1.0,1.0,3,True,0,True,True,False,False,negative,True,True,True,True,2,1
sst2_validation_000723,sst2,deepseek.v3-v1:0,positive,positive,0.99,True,False,1077,276,5f9eba5d809bcaeb,0.6,0.3333333333333333,1.0,0.2,0.6,0.3333333333333333,1.0,1.0,1.0,1.0,1.0,1.0,0.27099999999999996,,,0.4133333333333334,1.0,0.1611371428571436,0.2521961904761898,0.22346380952381098,0.1898695238095224,0.6,0.3333333333333333,4,1.0,1.0,1.0,1.0,3,True,0,True,True,False,False,negative,True,True,True,True,3,1
sst2_validation_000423,sst2,deepseek.v3-v1:0,negative,negative,0.9,True,False,1014,242,ec24084067e92b7a,0.0,0.6666666666666666,0.5,0.0,0.3333333333333333,0.6666666666666666,0.0,1.0,0.6666666666666666,0.0,1.0,1.0,0.24399999999999994,,,0.3333333333333333,0.6,0.21564166666666656,0.11769166666666675,0.3189666666666626,0.014366666666670691,0.16666666666666666,0.6666666666666666,4,0.16666666666666666,0.0,1.0,-0.49999999999999994,3,True,0,True,True,False,False,positive,True,True,True,True,2,0
sst2_validation_000436,sst2,deepseek.v3-v1:0,negative,negative,0.95,True,False,937,207,aa8565930b325dea,0.4,,1.0,,0.4,,0.6666666666666666,,1.0,,0.6666666666666666,,0.18067499999999997,,,0.4,0.6666666666666666,0.5388624999999932,-0.13886249999999323,0.6316125000000012,-0.23161250000000122,0.4,,2,-0.6666666666666669,-0.6666666666666669,,,1,False,0,False,False,False,False,,True,True,False,True,2,2
mnli_validation_matched_007919,mnli,eu.amazon.nova-pro-v1:0,neutral,neutral,0.8,True,False,1638,381,82c03589065d7755,0.3333333333333333,,,,,,1.0,,,,,,,,,,,,,,,,,0,1.0,1.0,,,1,False,0,False,False,False,False,neutral,True,True,False,False,0,0
mnli_validation_matched_008565,mnli,eu.amazon.nova-pro-v1:0,entailment,entailment,1.0,True,False,1600,511,f71b2f7bec2f3b88,0.6666666666666666,,0.6666666666666666,,1.0,,1.0,,1.0,,1.0,,0.33575399999999994,0.6666666666666669,0.8333333333333335,0.8333333333333333,1.0,0.20465436507936502,0.6286789682539682,0.20724603174603146,0.6260873015873019,0.8333333333333333,,2,1.0,1.0,,,1,False,0,False,False,False,False,,True,True,False,True,4,4
mnli_validation_matched_009319,mnli,eu.amazon.nova-pro-v1:0,neutral,entailment,0.85,False,False,1686,575,37f688ab6ac9c2c5,0.5,,0.5,,0.3333333333333333,,1.0,,1.0,,0.5,,0.29981190214285713,0.3333333333333334,0.6666666666666667,0.41666666666666663,0.75,0.21627683982683718,0.20038982683982945,0.22533419913419606,0.19133246753247057,0.41666666666666663,,2,0.5918093906559478,0.5918093906559478,,,1,False,0,False,False,False,False,,True,True,False,True,2,2
mnli_validation_matched_007354,mnli,eu.amazon.nova-pro-v1:0,entailment,entailment,0.95,True,False,1777,448,d03a6bac45bd33be,0.75,0.25,0.75,0.3333333333333333,1.0,0.3333333333333333,1.0,1.0,1.0,1.0,1.0,1.0,0.18067499999999997,,,0.5333333333333333,1.0,0.4252166666666645,0.1081166666666688,0.45423333333333193,0.07910000000000139,0.875,0.29166666666666663,4,1.0,1.0,,,1,False,4,True,True,False,True,contradiction,True,True,True,True,3,1
mnli_validation_matched_007556,mnli,eu.amazon.nova-pro-v1:0,entailment,neutral,0.7,False,False,2428,882,b8619d83a5f459e3,0.5,,0.4,,0.5714285714285714,,0.8333333333333334,,0.8,,0.8,,0.17440827814285714,-0.3333333333333334,0.33333333333333326,0.5357142857142857,0.8166666666666667,0.17647927558552562,0.3592350101287601,0.17797056901431912,0.3577437166999666,0.5357142857142857,,2,0.6275952559291558,0.6275952559291558,,,1,False,0,False,False,False,False,neutral,True,True,False,True,3,3
mnli_validation_matched_006801,mnli,eu.amazon.nova-pro-v1:0,contradiction,contradiction,0.95,True,False,1791,619,a23647bceb96e5d0,0.25,,0.3333333333333333,,0.2,,1.0,,0.75,,0.5,,0.2632776766071428,,,0.225,0.75,0.07120833333333407,0.15379166666666594,0.07271250000000073,0.15228749999999927,0.225,,2,0.6543778801843319,0.6543778801843319,,,1,False,0,False,False,False,False,,True,True,False,True,1,1
mnli_validation_matched_005549,mnli,eu.amazon.nova-pro-v1:0,neutral,neutral,0.85,True,False,1565,535,573b8c907f1848b8,0.625,,0.18181818181818182,,0.25,,1.0,,0.4,,0.4,,0.09129345107142857,,,0.4375,0.7,0.17588675144300223,0.26161324855699775,0.1721786976911987,0.2653213023088013,0.4375,,2,0.5564258738857877,0.5564258738857877,,,1,False,0,False,False,False,False,,True,True,False,True,2,2
mnli_validation_matched_006492,mnli,eu.amazon.nova-pro-v1:0,neutral,neutral,0.9,True,False,1260,272,aae0ec2710ab04a3,0.5,,0.2,,0.2,,0.6666666666666666,,0.3333333333333333,,0.3333333333333333,,0.10844999999999998,,,0.35,0.5,0.25849999999999573,0.09150000000000424,0.2625999999999962,0.08740000000000375,0.35,,2,0.1228915662650602,0.1228915662650602,,,1,False,0,False,False,False,False,,True,True,False,True,0,0
mnli_validation_matched_009361,mnli,eu.amazon.nova-pro-v1:0,neutral,entailment,0.9,False,False,1442,377,dde94c5611b7520a,0.25,0.25,1.0,0.16666666666666666,0.25,0.25,0.5,1.0,1.0,1.0,0.5,1.0,0.2719,0.3333333333333334,0.6666666666666667,0.2333333333333333,0.8,0.22048293650793718,0.012850396825396126,0.21984126984127045,0.013492063492062861,0.25,0.25,4,0.2782324058919803,-0.44353518821603943,1.0,,2,False,1,True,True,False,False,contradiction,True,True,True,True,2,1
mnli_validation_matched_004122,mnli,eu.amazon.nova-pro-v1:0,contradiction,contradiction,0.95,True,False,2091,867,2e0f12cf98d38bf9,0.3333333333333333,,0.2857142857142857,,0.6666666666666666,,0.8333333333333334,,1.0,,1.0,,0.39175778028874997,-0.3333333333333334,0.33333333333333326,0.5,0.9166666666666667,0.15114169922354934,0.34885830077645064,0.17448506376234718,0.3255149362376528,0.5,,2,0.8009938352963377,0.8009938352963377,,,1,False,0,False,False,False,False,,True,True,False,True,4,4
mnli_validation_matched_006792,mnli,eu.amazon.nova-pro-v1:0,neutral,neutral,0.8,True,False,1487,458,a9d6836aa16ab323,0.5714285714285714,,0.5714285714285714,,0.42857142857142855,,0.8,,0.8,,0.6,,0.168957,0.0,0.5,0.5,0.7,0.3304919642857128,0.1695080357142872,0.333414384920633,0.16658561507936698,0.5,,2,0.3174774070421421,0.3174774070421421,,,1,False,0,False,False,False,False,,True,True,False,True,2,2
mnli_validation_matched_007237,mnli,eu.amazon.nova-pro-v1:0,contradiction,contradiction,0.95,True,False,1584,453,ec1dd4647af6faca,0.5,0.14285714285714285,0.5714285714285714,0.25,0.6,0.16666666666666666,1.0,0.5,0.8,0.5,1.0,0.5,0.3455289999999999,0.6666666666666669,0.8333333333333335,0.3319047619047619,0.7,0.10889749999999954,0.2230072619047624,0.1120755952380946,0.21982916666666732,0.55,0.15476190476190477,4,0.49623843419973473,1.0,0.2070251617541337,0.2816901408450705,3,True,0,True,True,False,False,entailment,True,True,True,True,3,1
mnli_validation_matched_006799,mnli,eu.amazon.nova-pro-v1:0,entailment,entailment,0.9,True,False,1561,452,d450a8ee90158f70,0.25,0.0,0.8,0.0,0.125,0.0,0.4,0.0,1.0,0.0,0.25,0.0,0.27816299999999994,0.6666666666666669,0.8333333333333335,0.075,0.13,0.19325444444444445,-0.11825444444444445,0.19625186507936504,-0.12125186507936504,0.1875,0.0,4,-0.6969788945805083,-0.2576033504081921,-0.8333333333333333,-0.9999999999999998,3,True,0,True,True,False,False,contradiction,True,True,True,True,1,0
mnli_validation_matched_001098,mnli,eu.amazon.nova-pro-v1:0,entailment,entailment,0.95,True,False,1896,643,61e38518e4ae4d19,0.6,0.1111111111111111,0.5555555555555556,0.0,0.5,0.0,0.8571428571428571,1.0,1.0,0.0,0.8,0.0,0.2787267471428571,0.39999999999999997,0.7,0.2422222222222222,0.5314285714285715,0.12526730935730837,0.11695491286491383,0.12961971139971057,0.11260251082251163,0.55,0.05555555555555555,4,0.13117832241364769,0.6194995019701525,-0.3571428571428571,,2,False,2,True,True,False,False,contradiction,True,True,True,True,4,0
mnli_validation_matched_001634,mnli,eu.amazon.nova-pro-v1:0,neutral,neutral,0.8,True,False,1862,510,eecd3b67a6f3057f,0.6666666666666666,,0.5714285714285714,,0.5,,1.0,,0.8,,0.75,,0.26895699999999995,0.0,0.5,0.5833333333333333,0.875,0.420379761904766,0.16295357142856726,0.42390744047619466,0.1594258928571386,0.5833333333333333,,2,0.6223506743737958,0.6223506743737958,,,1,False,0,False,False,False,False,neutral,True,True,False,True,3,3
mnli_validation_matched_009223,mnli,eu.amazon.nova-pro-v1:0,contradiction,contradiction,0.95,True,False,1669,473,15d768fa04d88d16,0.25,0.14285714285714285,0.42857142857142855,0.125,0.375,0.3333333333333333,0.42857142857142855,1.0,1.0,1.0,1.0,1.0,0.3453415428571428,,,0.2452380952380952,0.8857142857142858,0.11661236180486201,0.1286257334332332,0.12065636530136563,0.12458172993672957,0.3125,0.23809523809523808,4,0.7409110369558418,0.48182207391168375,1.0,,2,False,2,True,True,False,False,entailment,True,True,True,True,3,1
mnli_validation_matched_009459,mnli,eu.amazon.nova-pro-v1:0,neutral,entailment,0.85,False,False,1698,485,ba5f21b775ce12d9,0.2857142857142857,,0.3333333333333333,,0.5,,0.5,,0.5,,0.75,,0.13469399999999998,,,0.39285714285714285,0.625,0.2440374999999979,0.14881964285714494,0.2544499999999979,0.13840714285714495,0.39285714285714285,,2,0.2674758226780035,0.2674758226780035,,,1,False,0,False,False,False,False,,True,True,False,True,1,1
mnli_validation_matched_006724,mnli,eu.amazon.nova-pro-v1:0,entailment,entailment,0.95,True,False,1250,351,9201aa8688751893,0.6666666666666666,,0.6,,0.6666666666666666,,1.0,,0.75,,1.0,,0.33316299999999993,0.6666666666666669,0.8333333333333335,0.6666666666666666,1.0,0.5330357142857133,0.13363095238095335,0.5575595238095198,0.10910714285714684,0.6666666666666666,,2,1.0,1.0,,,1,False,0,False,False,False,False,,True,True,False,True,3,3
mnli_validation_matched_005831,mnli,eu.amazon.nova-pro-v1:0,entailment,entailment,0.95,True,False,1904,672,ec4e62f55876a979,0.4166666666666667,,0.36363636363636365,,0.5,,0.7142857142857143,,0.8,,0.8,,0.42513009770285703,1.0,1.0,0.45833333333333337,0.7571428571428571,0.27431127830502305,0.18402205502831032,0.27671947011321507,0.1816138632201183,0.45833333333333337,,2,0.4028296174397655,0.4028296174397655,,,1,False,0,True,True,False,False,contradiction,True,True,False,True,3,3
mnli_validation_matched_008420,mnli,eu.amazon.nova-pro-v1:0,entailment,entailment,0.9,True,False,1560,530,c0546fcbd20147e1,,0.3333333333333333,1.0,,,0.3333333333333333,,1.0,1.0,,,1.0,0.28067499999999995,,,0.3333333333333333,1.0,0.20174999999999726,0.13158333333333605,0.19741666666666416,0.13591666666666916,,0.3333333333333333,2,1.0,,1.0,,1,False,0,True,True,False,False,neutral,True,False,True,True,1,1
mnli_validation_matched_004880,mnli,eu.amazon.nova-pro-v1:0,contradiction,contradiction,0.95,True,False,1405,389,86b5aedd33ccb6a5,0.42857142857142855,,0.2857142857142857,,0.75,,0.75,,0.6666666666666666,,1.0,,0.18137699999999998,,,0.5892857142857143,0.875,0.2506200396825401,0.3386656746031742,0.256932341269842,0.3323533730158723,0.5892857142857143,,2,0.6805421103581801,0.6805421103581801,,,1,False,0,False,False,False,False,,True,True,False,True,2,2
mnli_validation_matched_004577,mnli,eu.amazon.nova-pro-v1:0,contradiction,contradiction,0.95,True,False,1237,295,3c3db36f74140d81,0.6666666666666666,,1.0,,0.6666666666666666,,1.0,,1.0,,1.0,,0.22599999999999992,,,0.6666666666666666,1.0,0.35081249999999864,0.315854166666668,0.3579999999999982,0.3086666666666684,0.6666666666666666,,2,1.0,1.0,,,1,False,0,False,False,False,False,,True,True,False,True,2,2
mnli_validation_matched_003178,mnli,eu.amazon.nova-pro-v1:0,entailment,entailment,0.95,True,False,1482,467,d0d22334d2c38a82,0.75,,0.5714285714285714,,0.625,,1.0,,0.8,,1.0,,0.09695699999999999,-0.3333333333333334,0.33333333333333326,0.6875,1.0,0.5712812500000054,0.1162187499999946,0.5773576388888934,0.11014236111110665,0.6875,,2,1.0,1.0,,,1,False,0,False,False,False,False,,True,True,False,True,4,4
mnli_validation_matched_008473,mnli,eu.amazon.nova-pro-v1:0,neutral,neutral,0.8,True,False,1609,334,afb613a773b66a5a,0.3333333333333333,,0.2,,0.3333333333333333,,1.0,,0.3333333333333333,,1.0,,0.24781599999999998,,,0.3333333333333333,1.0,0.1435833333333339,0.18974999999999942,0.15191666666666676,0.18141666666666656,0.3333333333333333,,2,1.0,1.0,,,1,False,0,False,False,False,False,neutral,True,True,False,True,1,1
mnli_validation_matched_001683,mnli,eu.amazon.nova-pro-v1:0,neutral,neutral,0.85,True,False,2610,832,214f87a557687aa7,0.4166666666666667,,0.3333333333333333,,0.5,,1.0,,1.0,,0.75,,0.18683615262377923,-0.3333333333333334,0.33333333333333326,0.45833333333333337,0.875,0.09810589514652018,0.3602274381868132,0.10284611950549447,0.3554872138278389,0.45833333333333337,,2,0.7923961555506811,0.7923961555506811,,,1,False,0,False,False,False,False,neutral,True,True,False,True,3,3
mnli_validation_matched_007919,mnli,qwen.qwen3-235b-a22b-2507-v1:0,neutral,neutral,0.85,True,False,1744,308,82c03589065d7755,0.3333333333333333,0.0,0.5,0.0,0.3333333333333333,0.0,1.0,0.0,0.6666666666666666,0.0,1.0,0.0,0.25367499999999993,,,0.13333333333333333,0.4,0.20199999999999782,-0.06866666666666449,0.21399999999999744,-0.08066666666666411,0.3333333333333333,0.0,4,-0.25000000000000017,1.0,-1.5000000000000004,-0.25000000000000006,3,True,0,True,True,False,True,contradiction,True,True,True,True,1,0
mnli_validation_matched_008565,mnli,qwen.qwen3-235b-a22b-2507-v1:0,entailment,entailment,0.99,True,False,1828,443,f71b2f7bec2f3b88,0.6666666666666666,,0.5,,0.75,,1.0,,1.0,,1.0,,0.3495654999999999,,,0.7083333333333333,1.0,0.19105972222222115,0.5172736111111121,0.2002924603174594,0.5080408730158739,0.7083333333333333,,2,1.0,1.0,,,1,False,0,False,False,False,False,,True,True,False,True,3,3
mnli_validation_matched_009319,mnli,qwen.qwen3-235b-a22b-2507-v1:0,neutral,entailment,0.9,False,False,1784,475,37f688ab6ac9c2c5,0.875,,0.5,,0.5714285714285714,,1.0,,1.0,,1.0,,0.27303690214285714,-0.6666666666666669,0.16666666666666657,0.7232142857142857,1.0,0.302157871295375,0.4210564144189107,0.32283673756799103,0.40037754814629467,0.7232142857142857,,2,1.0,1.0,,,1,False,0,False,False,False,False,,True,True,False,True,4,4
mnli_validation_matched_007354,mnli,qwen.qwen3-235b-a22b-2507-v1:0,entailment,entailment,0.98,True,False,1854,377,d03a6bac45bd33be,1.0,,0.75,,0.75,,1.0,,1.0,,1.0,,0.18067499999999997,,,0.875,1.0,0.875,0.0,0.875,0.0,0.875,,2,,,,,0,False,2,False,False,False,True,,True,True,False,True,3,3
mnli_validation_matched_007556,mnli,qwen.qwen3-235b-a22b-2507-v1:0,entailment,neutral,0.85,False,False,1900,653,b8619d83a5f459e3,,,,,0.5714285714285714,,,,,,0.8,,,,,,,,,,,,,0,0.6156416189879732,0.6156416189879732,,,1,False,0,False,False,False,False,,False,True,False,True,0,0
mnli_validation_matched_006801,mnli,qwen.qwen3-235b-a22b-2507-v1:0,contradiction,contradiction,0.98,True,False,2297,535,a23647bceb96e5d0,0.2727272727272727,,0.4444444444444444,,0.2222222222222222,,0.5,,0.8,,0.4,,0.07949588785714284,0.6666666666666669,0.8333333333333335,0.24747474747474746,0.45,0.15174696345321356,0.0957277840215339,0.15140101981352,0.09607372766122746,0.24747474747474746,,2,0.1547547463542005,0.1547547463542005,,,1,False,0,False,False,False,True,,True,True,False,True,1,1
mnli_validation_matched_005549,mnli,qwen.qwen3-235b-a22b-2507-v1:0,neutral,neutral,0.92,True,False,1699,462,573b8c907f1848b8,0.8,,0.18181818181818182,,0.36363636363636365,,1.0,,0.4,,0.8,,0.2815184510714285,,,0.5818181818181818,0.9,0.24926672518657567,0.3325514566316061,0.2570364187283287,0.32478176308985307,0.5818181818181818,,2,0.7667287019805005,0.7667287019805005,,,1,False,0,False,False,False,False,,True,True,False,True,2,2
mnli_validation_matched_006492,mnli,qwen.qwen3-235b-a22b-2507-v1:0,neutral,contradiction,0.95,False,False,1425,267,aae0ec2710ab04a3,0.4,,0.2,,0.75,,0.6666666666666666,,0.3333333333333333,,1.0,,0.09022499999999999,,,0.575,0.8333333333333333,0.29554583333332946,0.2794541666666705,0.310466666666661,0.26453333333333895,0.575,,2,0.6141732283464567,0.6141732283464567,,,1,False,0,False,False,False,False,,True,True,False,True,1,1
mnli_validation_matched_009361,mnli,qwen.qwen3-235b-a22b-2507-v1:0,neutral,neutral,0.85,True,False,1765,328,dde94c5611b7520a,0.14285714285714285,,0.6,,0.14285714285714285,,0.25,,0.75,,0.25,,0.22667499999999996,,,0.14285714285714285,0.25,0.31426190476190785,-0.171404761904765,0.3298285714285758,-0.18697142857143295,0.14285714285714285,,2,-0.23731587561374778,-0.23731587561374778,,,1,False,0,False,False,False,True,,True,True,False,True,0,0
mnli_validation_matched_004122,mnli,qwen.qwen3-235b-a22b-2507-v1:0,contradiction,contradiction,0.98,True,False,2763,748,2e0f12cf98d38bf9,0.6428571428571429,0.14285714285714285,0.2857142857142857,0.2222222222222222,0.4444444444444444,0.2,1.0,1.0,1.0,1.0,1.0,0.5,0.5637577802887498,1.0,1.0,0.3304761904761905,0.9,0.11549209033055027,0.2149841001456402,0.13623781126166662,0.19423837921452386,0.5436507936507937,0.17142857142857143,4,0.772225827384815,1.0,0.3166774821544452,1.0,3,True,1,True,True,False,True,entailment,True,True,True,True,5,1
mnli_validation_matched_006792,mnli,qwen.qwen3-235b-a22b-2507-v1:0,neutral,neutral,0.9,True,False,1603,372,a9d6836aa16ab323,0.5,,0.8333333333333334,,0.375,,0.6666666666666666,,1.0,,0.6,,0.28237049999999997,0.39999999999999997,0.7,0.4375,0.6333333333333333,0.36965971320346347,0.06784028679653653,0.3693987463924969,0.06810125360750308,0.4375,,2,0.12207810204723975,0.12207810204723975,,,1,False,0,False,False,False,False,,True,True,False,True,3,3
mnli_validation_matched_007237,mnli,qwen.qwen3-235b-a22b-2507-v1:0,contradiction,contradiction,0.98,True,False,1750,410,ec1dd4647af6faca,0.5714285714285714,0.5,0.5714285714285714,0.14285714285714285,0.6666666666666666,0.3333333333333333,0.8,1.0,0.8,0.3333333333333333,0.8,0.6666666666666666,0.4357539999999999,1.0,1.0,0.4428571428571429,0.72,0.15211416666666652,0.2907429761904764,0.16561738095238118,0.27723976190476174,0.6190476190476191,0.41666666666666663,4,0.44717227896462575,0.5944763693125212,0.7170736539699837,0.02996681361137254,3,True,0,True,True,False,False,entailment,True,True,True,True,4,1
mnli_validation_matched_006799,mnli,qwen.qwen3-235b-a22b-2507-v1:0,entailment,entailment,0.95,True,False,1674,385,d450a8ee90158f70,0.16666666666666666,0.16666666666666666,0.8,0.0,0.2,0.2,0.5,0.5,1.0,0.0,0.5,0.5,0.23316299999999995,0.3333333333333334,0.6666666666666667,0.14666666666666667,0.4,0.1707666666666657,-0.02409999999999904,0.177799999999999,-0.03113333333333232,0.18333333333333335,0.18333333333333335,4,-0.04998568685218093,0.006918021445866514,0.006918021445866514,-0.16379310344827583,3,True,0,True,True,False,False,contradiction,True,True,True,True,2,0
mnli_validation_matched_001098,mnli,qwen.qwen3-235b-a22b-2507-v1:0,entailment,entailment,0.95,True,False,2021,536,61e38518e4ae4d19,0.5454545454545454,0.1111111111111111,0.5555555555555556,0.125,0.4444444444444444,0.0,0.75,1.0,1.0,1.0,0.8,0.0,0.3653639726785714,0.39999999999999997,0.7,0.2452020202020202,0.71,0.1332055534743043,0.1119964667277159,0.14004819028194096,0.10515382992007924,0.4949494949494949,0.05555555555555555,4,0.06962597570546283,0.49639480855378276,-0.3571428571428571,,2,False,2,True,True,False,False,contradiction,True,True,True,True,5,0
mnli_validation_matched_001634,mnli,qwen.qwen3-235b-a22b-2507-v1:0,neutral,neutral,0.9,True,False,1561,381,eecd3b67a6f3057f,0.5,,0.5714285714285714,,0.6,,1.0,,0.8,,1.0,,0.21875399999999998,-0.6666666666666669,0.16666666666666657,0.55,1.0,0.3390366071428614,0.21096339285713867,0.3446110119047665,0.20538898809523354,0.55,,2,1.0,1.0,,,1,False,0,False,False,False,False,,True,True,False,True,3,3
mnli_validation_matched_009223,mnli,qwen.qwen3-235b-a22b-2507-v1:0,contradiction,contradiction,0.98,True,False,1838,440,15d768fa04d88d16,0.5,0.14285714285714285,0.3333333333333333,0.125,0.3,0.2,0.7142857142857143,1.0,0.6,1.0,0.6,1.0,0.29034154285714275,,,0.25357142857142856,0.862857142857143,0.1311777910977919,0.12239363747363666,0.13367148268398352,0.11989994588744504,0.4,0.17142857142857143,4,0.6457590676588871,0.29151813531777426,1.0,,2,False,2,True,True,False,False,entailment,True,True,True,True,2,1
mnli_validation_matched_009459,mnli,qwen.qwen3-235b-a22b-2507-v1:0,neutral,neutral,0.85,True,False,1478,316,ba5f21b775ce12d9,0.2857142857142857,,0.6,,0.5,,0.5,,0.75,,0.75,,0.19304099999999996,,,0.39285714285714285,0.625,0.2440374999999979,0.14881964285714494,0.25659374999999796,0.1362633928571449,0.39285714285714285,,2,0.2674758226780035,0.2674758226780035,,,1,False,0,False,False,False,False,,True,True,False,True,2,2
mnli_validation_matched_006724,mnli,qwen.qwen3-235b-a22b-2507-v1:0,entailment,entailment,0.98,True,False,1434,303,9201aa8688751893,0.6666666666666666,,0.6,,0.6666666666666666,,1.0,,0.75,,1.0,,0.27816299999999994,0.6666666666666669,0.8333333333333335,0.6666666666666666,1.0,0.5330357142857133,0.13363095238095335,0.5739285714285673,0.09273809523809928,0.6666666666666666,,2,1.0,1.0,,,1,False,0,False,False,False,False,,True,True,False,True,3,3
mnli_validation_matched_005831,mnli,qwen.qwen3-235b-a22b-2507-v1:0,entailment,entailment,0.95,True,False,2117,589,ec4e62f55876a979,,,,0.08333333333333333,0.23076923076923078,0.0,,,,0.5,0.6,0.0,,,,0.1047008547008547,0.3666666666666667,0.15883538683538692,-0.05413453213453222,,,0.23076923076923078,0.0,2,-0.24859228020401786,-0.1506499069426894,-0.34653465346534634,,2,False,1,True,True,False,False,contradiction,False,True,True,True,0,0
mnli_validation_matched_008420,mnli,qwen.qwen3-235b-a22b-2507-v1:0,entailment,entailment,0.95,True,False,1652,267,c0546fcbd20147e1,0.5,0.3333333333333333,0.5,0.0,1.0,0.0,0.6666666666666666,1.0,0.6666666666666666,0.0,1.0,0.0,0.10867499999999998,,,0.36666666666666664,0.5333333333333333,0.3047000000000003,0.06196666666666634,0.30663333333333326,0.06003333333333338,0.75,0.16666666666666666,4,-0.40432098765432123,0.537037037037037,-0.2500000000000002,-1.5000000000000004,3,True,0,True,True,False,True,contradiction,True,True,True,True,2,0
mnli_validation_matched_004880,mnli,qwen.qwen3-235b-a22b-2507-v1:0,contradiction,contradiction,0.98,True,False,1655,367,86b5aedd33ccb6a5,0.6666666666666666,0.3333333333333333,0.6666666666666666,0.5,0.6,0.2,1.0,1.0,1.0,1.0,0.75,0.5,0.21875399999999998,-0.6666666666666669,0.16666666666666657,0.4600000000000001,0.85,0.2042506349206344,0.2557493650793657,0.21789023809523758,0.2421097619047625,0.6333333333333333,0.26666666666666666,4,0.7665676982223745,0.7362110311750599,0.5634920634920635,1.0,3,True,0,True,True,False,False,entailment,True,True,True,True,4,1
mnli_validation_matched_004577,mnli,qwen.qwen3-235b-a22b-2507-v1:0,contradiction,contradiction,0.98,True,False,1637,267,3c3db36f74140d81,0.6666666666666666,,1.0,,0.6666666666666666,,1.0,,1.0,,1.0,,0.27099999999999996,,,0.6666666666666666,1.0,0.35081249999999864,0.315854166666668,0.35483333333333156,0.31183333333333507,0.6666666666666666,,2,1.0,1.0,,,1,False,0,False,False,False,True,,True,True,False,True,2,2
mnli_validation_matched_003178,mnli,qwen.qwen3-235b-a22b-2507-v1:0,entailment,entailment,0.98,True,False,1763,408,d0d22334d2c38a82,0.6666666666666666,0.0,0.375,0.1111111111111111,0.5555555555555556,0.0,1.0,0.0,0.6,1.0,1.0,0.0,0.10099349999999999,,,0.26666666666666666,0.6,0.3108533333333338,-0.04418666666666715,0.3118466666666671,-0.04518000000000044,0.6111111111111112,0.0,4,,,,,0,False,5,True,True,False,False,contradiction,True,True,True,True,3,0
mnli_validation_matched_008473,mnli,qwen.qwen3-235b-a22b-2507-v1:0,neutral,entailment,0.85,False,False,1466,243,afb613a773b66a5a,0.25,0.3333333333333333,0.5,0.0,0.25,0.0,0.5,1.0,0.6666666666666666,0.0,0.5,0.0,0.27481599999999995,,,0.16666666666666666,0.4,0.1823250000000006,-0.01565833333333394,0.20212500000000025,-0.03545833333333359,0.25,0.16666666666666666,4,-0.08240740740740743,0.027777777777777683,0.125,-0.39999999999999997,3,True,0,True,True,False,False,contradiction,True,True,True,True,1,0
mnli_validation_matched_001683,mnli,qwen.qwen3-235b-a22b-2507-v1:0,neutral,neutral,0.92,True,False,2198,710,214f87a557687aa7,0.6923076923076923,,0.4166666666666667,,0.5,,0.9,,1.0,,1.0,,0.26848383367543827,-0.19999999999999998,0.4,0.5961538461538461,0.95,0.15636770309583994,0.43978614305800623,0.16748522567259258,0.42866862048125354,0.5961538461538461,,2,0.889187642505312,0.889187642505312,,,1,False,0,False,False,False,False,,True,True,False,True,5,5
mnli_validation_matched_007919,mnli,deepseek.v3-v1:0,neutral,entailment,0.9,False,False,1293,258,82c03589065d7755,0.5,,1.0,,0.5,,0.6666666666666666,,1.0,,0.6666666666666666,,0.27099999999999996,,,0.5,0.6666666666666666,0.45900000000000485,0.04099999999999515,0.5207500000000043,-0.020750000000004265,0.5,,2,0.07407407407407395,0.07407407407407395,,,1,False,0,False,False,False,False,,True,True,False,True,2,2
mnli_validation_matched_008565,mnli,deepseek.v3-v1:0,entailment,entailment,1.0,True,False,1660,454,f71b2f7bec2f3b88,0.6666666666666666,,0.6666666666666666,,1.0,,1.0,,1.0,,1.0,,0.36375399999999997,0.3333333333333334,0.6666666666666667,0.8333333333333333,1.0,0.20465436507936502,0.6286789682539682,0.42493710317460776,0.4083962301587255,0.8333333333333333,,2,1.0,1.0,,,1,False,0,False,False,False,False,,True,True,False,True,4,4
mnli_validation_matched_009319,mnli,deepseek.v3-v1:0,neutral,entailment,0.95,False,False,2290,528,37f688ab6ac9c2c5,0.4,,0.2222222222222222,,0.5,,0.6666666666666666,,0.6666666666666666,,1.0,,0.16351845107142857,,,0.45,0.8333333333333333,0.2565523282273224,0.19344767177267763,0.4623239267676764,-0.012323926767676407,0.45,,2,0.5780394999178821,0.5780394999178821,,,1,False,0,False,False,False,False,entailment,True,True,False,True,2,2
mnli_validation_matched_007354,mnli,deepseek.v3-v1:0,entailment,entailment,1.0,True,False,1513,382,d03a6bac45bd33be,0.25,0.25,,0.0,,,1.0,1.0,,0.0,,,,,,0.16666666666666666,0.6666666666666666,0.24633333333333332,-0.07966666666666666,0.30983333333333335,-0.1431666666666667,0.25,0.25,2,-0.3333333333333333,,,-0.3333333333333333,1,False,2,True,True,False,False,contradiction,True,True,True,False,0,0
mnli_validation_matched_007556,mnli,deepseek.v3-v1:0,entailment,neutral,0.85,False,False,1718,585,b8619d83a5f459e3,0.36363636363636365,,0.2,,0.125,,0.6666666666666666,,0.6666666666666666,,0.3333333333333333,,0.01554464925,,,0.24431818181818182,0.5,0.1529897914585406,0.09132839035964121,0.19985851648351585,0.04445966533466597,0.24431818181818182,,2,0.19221028697562612,0.19221028697562612,,,1,False,0,False,False,False,False,,True,True,False,True,0,0
mnli_validation_matched_006801,mnli,deepseek.v3-v1:0,contradiction,contradiction,1.0,True,False,1790,561,a23647bceb96e5d0,0.1111111111111111,,0.2222222222222222,,0.6666666666666666,,0.5,,0.6666666666666666,,1.0,,0.30851845107142845,,,0.38888888888888884,0.75,0.06872916666666722,0.3201597222222216,0.1266111111111115,0.26227777777777733,0.38888888888888884,,2,0.6060924369747899,0.6060924369747899,,,1,False,0,False,False,False,False,,True,True,False,True,1,1
mnli_validation_matched_005549,mnli,deepseek.v3-v1:0,neutral,neutral,0.85,True,False,2085,603,573b8c907f1848b8,0.2,,0.375,,0.4,,0.5,,1.0,,0.6666666666666666,,0.1950891766071428,,,0.30000000000000004,0.5833333333333333,0.1349132575757552,0.16508674242424484,0.223673863636361,0.07632613636363905,0.30000000000000004,,2,0.2832587720384282,0.2832587720384282,,,1,False,0,False,False,False,False,neutral,True,True,False,True,2,2
mnli_validation_matched_006492,mnli,deepseek.v3-v1:0,neutral,contradiction,1.0,False,False,1313,268,aae0ec2710ab04a3,0.4,,1.0,,0.4,,0.6666666666666666,,1.0,,0.6666666666666666,,0.17099999999999996,,,0.4,0.6666666666666666,0.29554583333332946,0.10445416666667057,0.3848541666666576,0.015145833333342407,0.4,,2,0.22834645669291334,0.22834645669291334,,,1,False,0,False,False,False,False,,True,True,False,True,2,2
mnli_validation_matched_009361,mnli,deepseek.v3-v1:0,neutral,entailment,0.95,False,False,1451,324,dde94c5611b7520a,0.125,0.25,0.75,0.2,0.0,0.0,0.25,1.0,1.0,1.0,0.0,0.0,0.25367499999999993,,,0.11499999999999999,0.45,0.19421666666666776,-0.07921666666666777,0.30261202380952407,-0.18761202380952408,0.0625,0.125,4,-0.21748439134881994,-0.6849687826976398,0.24999999999999994,,2,False,1,True,True,False,False,neutral,True,True,True,True,1,0
mnli_validation_matched_004122,mnli,deepseek.v3-v1:0,contradiction,contradiction,0.95,True,False,2070,709,2e0f12cf98d38bf9,0.21052631578947367,,0.13333333333333333,,0.3333333333333333,,0.4444444444444444,,0.6666666666666666,,1.0,,0.200378890144375,,,0.27192982456140347,0.7222222222222222,0.175465705624355,0.09646411893704845,0.3134462816326678,-0.041516457071264334,0.27192982456140347,,2,0.4347591452245273,0.4347591452245273,,,1,False,0,False,False,False,False,,True,True,False,True,2,2
mnli_validation_matched_006792,mnli,deepseek.v3-v1:0,neutral,neutral,0.95,True,False,1965,449,a9d6836aa16ab323,0.42857142857142855,,0.5,,0.4,,0.75,,1.0,,0.6666666666666666,,0.20434049999999995,,,0.41428571428571426,0.7083333333333333,0.2506200396825401,0.16366567460317416,0.34176190476190416,0.0725238095238101,0.41428571428571426,,2,0.3595304372064292,0.3595304372064292,,,1,False,0,False,False,False,False,neutral,True,True,False,True,2,2
mnli_validation_matched_007237,mnli,deepseek.v3-v1:0,contradiction,contradiction,1.0,True,False,1634,461,ec1dd4647af6faca,0.8571428571428571,0.3333333333333333,0.2857142857142857,0.2857142857142857,0.25,0.25,1.0,1.0,0.6666666666666666,1.0,0.6666666666666666,0.5,0.32637699999999986,,,0.3952380952380953,0.8333333333333333,0.13291441558441616,0.2623236796536791,0.2571344949494948,0.13810360028860047,0.5535714285714286,0.29166666666666663,4,0.7765792416108104,0.6888926544098958,0.6408450704225352,1.0,3,True,0,True,True,False,False,neutral,True,True,True,True,3,1
mnli_validation_matched_006799,mnli,deepseek.v3-v1:0,entailment,entailment,0.95,True,False,1571,415,d450a8ee90158f70,0.5,0.0,0.6,0.0,0.4,0.0,0.75,0.0,1.0,0.0,0.6666666666666666,0.0,0.29304099999999994,,,0.18,0.2833333333333333,0.16708380952380972,0.012916190476190276,0.25233297619047446,-0.07233297619047446,0.45,0.0,4,-0.3395936945625288,0.3621712972647946,-0.7142857142857142,-0.6666666666666667,3,True,0,True,True,False,False,contradiction,True,True,True,True,2,0
mnli_validation_matched_001098,mnli,deepseek.v3-v1:0,entailment,entailment,0.95,True,False,1874,615,61e38518e4ae4d19,0.4,0.2222222222222222,0.2222222222222222,0.0,0.16666666666666666,0.3333333333333333,0.8,1.0,1.0,0.0,0.5,0.5,0.07030387478571427,,,0.22444444444444445,0.5599999999999999,0.11386728049728001,0.11057716394716444,0.140456954156953,0.08398749028749145,0.2833333333333333,0.2777777777777778,4,0.24622069241440317,0.39499806296493184,0.6407563025210083,-0.29709228824273065,3,True,0,True,True,False,False,neutral,True,True,True,True,2,0
mnli_validation_matched_001634,mnli,deepseek.v3-v1:0,neutral,neutral,0.75,True,False,1800,433,eecd3b67a6f3057f,0.6666666666666666,,0.5,,0.75,,1.0,,1.0,,1.0,,0.3495654999999999,,,0.7083333333333333,1.0,0.3674136904761902,0.34091964285714305,0.41927559523809177,0.2890577380952415,0.7083333333333333,,2,1.0,1.0,,,1,False,0,False,False,False,False,neutral,True,True,False,True,3,3
mnli_validation_matched_009223,mnli,deepseek.v3-v1:0,contradiction,contradiction,1.0,True,False,1693,464,15d768fa04d88d16,0.5,0.14285714285714285,0.42857142857142855,0.125,0.375,0.3333333333333333,0.7142857142857143,1.0,1.0,1.0,1.0,1.0,0.39034154285714273,,,0.2952380952380952,0.9428571428571428,0.11661236180486201,0.17862573343323318,0.12861825618825687,0.16661983904983832,0.4375,0.23809523809523808,4,0.8445466221735052,0.6890932443470102,1.0,,2,False,2,True,True,False,False,entailment,True,True,True,True,3,1
mnli_validation_matched_009459,mnli,deepseek.v3-v1:0,neutral,neutral,0.85,True,False,1362,308,ba5f21b775ce12d9,0.6,,0.4,,0.75,,0.75,,0.6666666666666666,,1.0,,0.13545,,,0.675,0.875,0.20173392857143,0.47326607142857,0.2960845238095243,0.3789154761904757,0.675,,2,0.7440537745604964,0.7440537745604964,,,1,False,0,False,False,False,False,,True,True,False,True,2,2
mnli_validation_matched_006724,mnli,deepseek.v3-v1:0,entailment,entailment,1.0,True,False,1336,343,9201aa8688751893,0.6666666666666666,0.25,0.75,0.16666666666666666,0.5,0.3333333333333333,1.0,1.0,1.0,1.0,1.0,1.0,0.18067499999999997,,,0.3833333333333333,1.0,0.27564761904761986,0.10768571428571344,0.3207511904761907,0.06258214285714259,0.5833333333333333,0.29166666666666663,4,1.0,1.0,1.0,,2,False,2,True,True,False,False,neutral,True,True,True,True,3,1
mnli_validation_matched_005831,mnli,deepseek.v3-v1:0,entailment,entailment,0.95,True,False,1969,626,ec4e62f55876a979,0.45454545454545453,0.08333333333333333,0.3,0.2857142857142857,0.5,0.2,0.8333333333333334,0.3333333333333333,1.0,0.6666666666666666,1.0,0.3333333333333333,0.07129350374142855,,,0.3047186147186147,0.6333333333333334,0.16844306027306047,0.13627555444555425,0.24395912753912982,0.0607594871794849,0.4772727272727273,0.14166666666666666,4,0.30676146322222364,0.7643511722353047,-0.2409625697083233,0.39689578713968954,3,True,0,True,True,False,False,contradiction,True,True,True,True,3,1
mnli_validation_matched_008420,mnli,deepseek.v3-v1:0,entailment,entailment,1.0,True,False,1274,209,c0546fcbd20147e1,0.5,0.3333333333333333,0.5,0.3333333333333333,0.5,0.3333333333333333,0.6666666666666666,1.0,0.6666666666666666,1.0,0.6666666666666666,1.0,0.09899999999999998,,,0.39999999999999997,0.8666666666666666,0.3047000000000003,0.09529999999999966,0.31442,0.08557999999999999,0.5,0.3333333333333333,4,0.691358024691358,0.07407407407407395,1.0,1.0,3,True,0,True,True,False,False,contradiction,True,True,True,True,1,1
mnli_validation_matched_004880,mnli,deepseek.v3-v1:0,contradiction,contradiction,1.0,True,False,1536,407,86b5aedd33ccb6a5,0.42857142857142855,0.16666666666666666,0.5,0.25,0.75,0.3333333333333333,0.75,1.0,1.0,1.0,1.0,1.0,0.22256549999999997,,,0.38571428571428573,0.95,0.1556813492063493,0.23003293650793644,0.2663791269841245,0.1193351587301612,0.5892857142857143,0.25,4,0.8935140367860601,0.6805421103581801,1.0,1.0,3,True,1,True,True,False,False,entailment,True,True,True,True,3,1
mnli_validation_matched_004577,mnli,deepseek.v3-v1:0,contradiction,contradiction,1.0,True,False,1259,240,3c3db36f74140d81,0.6666666666666666,,,,,,1.0,,,,,,,,,,,,,,,,,0,1.0,1.0,,,1,False,0,False,False,False,False,,True,True,False,False,0,0
mnli_validation_matched_003178,mnli,deepseek.v3-v1:0,entailment,entailment,1.0,True,False,1613,392,d0d22334d2c38a82,0.625,0.0,0.2857142857142857,0.14285714285714285,0.42857142857142855,0.0,0.8333333333333334,0.0,0.6666666666666666,1.0,1.0,0.0,0.32637699999999986,,,0.23928571428571427,0.5666666666666667,0.24326051587301584,-0.0039748015873015685,0.29730178571428545,-0.05801607142857118,0.5267857142857143,0.0,4,0.04850746268656708,0.5970149253731343,-0.5000000000000001,,2,False,2,True,True,False,False,contradiction,True,True,True,True,2,0
mnli_validation_matched_008473,mnli,deepseek.v3-v1:0,neutral,entailment,0.95,False,False,1352,281,afb613a773b66a5a,0.4,0.3333333333333333,0.2,0.0,0.4,0.0,0.6666666666666666,1.0,0.3333333333333333,0.0,0.6666666666666666,0.0,0.07199999999999998,,,0.22666666666666666,0.4666666666666666,0.22640166666666373,0.00026500000000292956,0.25963333333332894,-0.032966666666662287,0.4,0.16666666666666666,4,-0.36007315144325824,0.12811387900355886,0.125,-1.3333333333333337,3,True,0,True,True,False,False,contradiction,True,True,True,True,1,0
mnli_validation_matched_001683,mnli,deepseek.v3-v1:0,neutral,neutral,0.75,True,False,2058,776,214f87a557687aa7,0.42857142857142855,,0.25,,0.2222222222222222,,0.75,,1.0,,0.6666666666666666,,0.33003187518212007,,,0.32539682539682535,0.7083333333333333,0.12161912608160623,0.2037776993152191,0.14051592310338373,0.18488090229344162,0.32539682539682535,,2,0.5064307171115762,0.5064307171115762,,,1,False,0,False,False,False,False,,True,True,False,True,2,2
ag_news_test_004983,ag_news,eu.amazon.nova-pro-v1:0,Sci/Tech,Sci/Tech,0.95,True,False,1503,541,d090938e39303f01,0.5,,0.3333333333333333,,0.25,,0.8,,0.6,,0.4,,0.2001165428571428,,,0.375,0.6000000000000001,0.1792851010100971,0.1957148989899029,0.18499271284270918,0.19000728715729082,0.375,,2,0.34639333023177743,0.34639333023177743,,,1,False,0,False,False,False,False,,True,True,False,True,1,1
ag_news_test_001223,ag_news,eu.amazon.nova-pro-v1:0,Business,Business,0.95,True,False,1573,560,9d013e566f583003,0.3,,0.5,,0.375,,0.5,,0.8,,0.6,,0.2529335571428571,0.0,0.5,0.3375,0.55,0.1766037337662362,0.16089626623376382,0.17350007215007476,0.16399992784992526,0.3375,,2,0.24083469696915683,0.24083469696915683,,,1,False,0,False,False,False,False,,True,True,False,True,3,3
ag_news_test_003283,ag_news,eu.amazon.nova-pro-v1:0,Sports,Sports,0.95,True,False,1611,654,6b8688d9df4228aa,0.3333333333333333,,0.4,,0.14285714285714285,,1.0,,0.8,,0.3333333333333333,,0.2371845526071428,-0.3333333333333334,0.33333333333333326,0.23809523809523808,0.6666666666666666,0.10197012987012959,0.13612510822510848,0.10376969696969672,0.13432554112554135,0.23809523809523808,,2,0.5477389741823159,0.5477389741823159,,,1,False,0,False,False,False,False,,True,True,False,True,1,1
ag_news_test_002300,ag_news,eu.amazon.nova-pro-v1:0,World,Business,0.9,False,False,1484,460,35784201bb6c9372,0.2727272727272727,,0.5,,0.5,,0.42857142857142855,,0.8,,0.8,,0.35293355714285707,0.3333333333333334,0.6666666666666667,0.38636363636363635,0.6142857142857143,0.19450458430458167,0.19185905205905468,0.19731194361194104,0.1890516927516953,0.38636363636363635,,2,0.342387304848432,0.342387304848432,,,1,False,0,False,False,False,False,,True,True,False,True,3,3
ag_news_test_000981,ag_news,eu.amazon.nova-pro-v1:0,Sci/Tech,Sci/Tech,0.95,True,False,1902,482,738fa585e9337bf6,,,0.6,,,,,,1.0,,,,0.26504099999999997,,,,,,,,,,,0,,,,,0,False,0,False,False,False,False,Sci/Tech,True,False,False,True,0,0
ag_news_test_003796,ag_news,eu.amazon.nova-pro-v1:0,Business,Sci/Tech,0.95,False,False,1597,658,d0f694ea81775b10,0.4,,0.3,,0.5714285714285714,,0.6666666666666666,,0.6,,0.8,,0.3082776766071428,,,0.4857142857142857,0.7333333333333334,0.13848060966810907,0.3472336760461766,0.139857152569652,0.34585713314463373,0.4857142857142857,,2,0.5227257631372656,0.5227257631372656,,,1,False,0,False,False,False,False,,True,True,False,True,3,3
ag_news_test_002873,ag_news,eu.amazon.nova-pro-v1:0,Business,Business,0.95,True,False,1511,519,1d2b82039e416b33,0.375,,0.3333333333333333,,0.2857142857142857,,0.75,,0.6,,0.5,,0.2001165428571428,,,0.33035714285714285,0.625,0.13860347222222275,0.1917536706349201,0.14163412698412736,0.1887230158730155,0.33035714285714285,,2,0.38460313631006016,0.38460313631006016,,,1,False,0,False,False,False,False,,True,True,False,True,2,2
ag_news_test_002291,ag_news,eu.amazon.nova-pro-v1:0,Sci/Tech,Sci/Tech,0.9,True,False,1971,585,7dfaf34897560923,0.2222222222222222,,0.3333333333333333,,0.2222222222222222,,0.5,,0.5,,0.5,,0.20669399999999993,,,0.2222222222222222,0.5,0.1468419642857157,0.07538025793650652,0.15020763888889052,0.07201458333333169,0.2222222222222222,,2,0.17612199176121993,0.17612199176121993,,,1,False,0,False,False,False,False,Sci/Tech,True,True,False,True,2,2
ag_news_test_003454,ag_news,eu.amazon.nova-pro-v1:0,World,World,0.95,True,False,1966,576,3c62430b0a572f70,0.4,,0.3333333333333333,,0.7142857142857143,,0.5714285714285714,,0.6,,1.0,,0.10515304285714284,,,0.5571428571428572,0.7857142857142857,0.19450458430458167,0.3626382728382755,0.1970143065268039,0.36012855061605326,0.5571428571428572,,2,0.6202847175229902,0.6202847175229902,,,1,False,0,False,False,False,False,World,True,True,False,True,3,3
ag_news_test_000788,ag_news,eu.amazon.nova-pro-v1:0,Business,Business,0.95,True,False,1663,695,1abb997e9f1de140,0.3,0.25,0.4444444444444444,0.4,0.6666666666666666,0.4,0.6,1.0,0.8,1.0,0.8,1.0,0.3684649021428571,0.6666666666666669,0.8333333333333335,0.4033333333333333,0.8800000000000001,0.08882126623376749,0.3145120670995658,0.0915939610389622,0.3117393722943711,0.4833333333333333,0.325,4,0.8266194225057554,0.479858267517266,1.0,1.0,3,True,0,True,True,False,False,World,True,True,True,True,3,2
ag_news_test_000557,ag_news,eu.amazon.nova-pro-v1:0,Sci/Tech,Sci/Tech,0.95,True,False,1277,395,c14845c7ad6bc09d,0.16666666666666666,,0.25,,0.16666666666666666,,0.5,,0.4,,0.5,,0.16169399999999998,,,0.16666666666666666,0.5,0.10974999999999907,0.05691666666666759,0.1147749999999989,0.05189166666666775,0.16666666666666666,,2,0.19617224880382772,0.19617224880382772,,,1,False,0,False,False,False,False,,True,True,False,True,0,0
ag_news_test_000683,ag_news,eu.amazon.nova-pro-v1:0,World,World,0.95,True,False,2845,970,b3554190b7162ed3,0.4166666666666667,,0.3333333333333333,,0.375,,0.8333333333333334,,0.8,,0.6,,0.3471198137064935,1.0,1.0,0.39583333333333337,0.7166666666666667,0.1324351388195138,0.2633981945138196,0.1364604111166611,0.2593729222166723,0.39583333333333337,,2,0.5191543387692089,0.5191543387692089,,,1,False,0,False,False,False,False,World,True,True,False,True,3,3
ag_news_test_000240,ag_news,eu.amazon.nova-pro-v1:0,Sci/Tech,Sci/Tech,0.9,True,False,1438,600,8b666914e909e2f7,0.6,,0.4444444444444444,,0.625,,0.75,,0.8,,1.0,,0.1972563878571428,-0.6666666666666669,0.16666666666666657,0.6125,0.875,0.17410058830058955,0.4383994116994105,0.1796401626151637,0.43285983738483635,0.6125,,2,0.7503568193821277,0.7503568193821277,,,1,False,0,False,False,False,False,,True,True,False,True,4,4
ag_news_test_002793,ag_news,eu.amazon.nova-pro-v1:0,Sports,Sports,1.0,True,False,1544,625,a583c29a6dd1ec26,0.0,,0.3333333333333333,,0.2,,0.0,,0.6,,1.0,,0.3491530428571427,,,0.1,0.5,0.04857142857142874,0.05142857142857127,0.048114285714285825,0.05188571428571418,0.1,,2,1.0,1.0,,,1,False,1,False,False,False,False,,True,True,False,True,0,0
ag_news_test_002559,ag_news,eu.amazon.nova-pro-v1:0,World,World,0.95,True,False,1946,546,90e59b20ad0539a4,0.0,,0.5714285714285714,,0.2,,0.0,,0.8,,1.0,,0.31752899999999995,0.6666666666666669,0.8333333333333335,0.1,0.5,0.06319166666666727,0.036808333333332735,0.06520833333333392,0.03479166666666608,0.1,,2,0.19999999999999996,0.19999999999999996,,,1,False,0,False,False,False,False,World,True,True,False,True,0,0
ag_news_test_003367,ag_news,eu.amazon.nova-pro-v1:0,World,World,0.9,True,False,1464,441,56cdb3dc8f4338cb,0.125,,0.25,,0.25,,0.5,,0.6666666666666666,,0.5,,0.2283725285714285,,,0.1875,0.5,0.08819047619047612,0.09930952380952388,0.08916220238095232,0.09833779761904768,0.1875,,2,0.2190811258278146,0.2190811258278146,,,1,False,0,False,False,False,False,,True,True,False,True,1,1
ag_news_test_003257,ag_news,eu.amazon.nova-pro-v1:0,Sci/Tech,Sci/Tech,0.95,True,False,1697,565,71c893f4743e0694,0.2222222222222222,,0.5,,0.2857142857142857,,0.5,,0.8,,0.5,,0.13136155714285713,0.0,0.5,0.25396825396825395,0.5,0.12254880952380938,0.1314194444444446,0.13009632936507942,0.12387192460317453,0.25396825396825395,,2,0.22450373507827998,0.22450373507827998,,,1,False,0,False,False,False,False,,True,True,False,True,2,2
ag_news_test_006888,ag_news,eu.amazon.nova-pro-v1:0,Sports,Sports,0.95,True,False,1773,545,c6f3d2bb161a278f,0.1111111111111111,,0.18181818181818182,,0.0,,0.5,,0.4,,0.0,,0.25351845107142845,,,0.05555555555555555,0.25,0.0686138888888897,-0.013058333333334143,0.07264166666666741,-0.017086111111111857,0.05555555555555555,,2,0.013463385261807015,0.013463385261807015,,,1,False,0,False,False,False,False,,True,True,False,True,0,0
ag_news_test_006953,ag_news,eu.amazon.nova-pro-v1:0,Sci/Tech,Sci/Tech,0.95,True,False,1367,514,fcdb43750da9cf8c,0.2222222222222222,,0.8333333333333334,,0.25,,0.4,,1.0,,0.4,,0.37359549999999997,0.39999999999999997,0.7,0.2361111111111111,0.4,0.19665615079365145,0.03945496031745965,0.1992366071428579,0.0368745039682532,0.2361111111111111,,2,0.054302159245130016,0.054302159245130016,,,1,False,0,False,False,False,False,,True,True,False,True,2,2
ag_news_test_004405,ag_news,eu.amazon.nova-pro-v1:0,Sports,Sports,0.95,True,False,1554,538,997e75e6d37ba94b,,,0.3,,,,,,0.6,,,,0.26927216232142853,,,,,,,,,,,0,,,,,0,False,0,False,False,False,False,,True,False,False,True,0,0
ag_news_test_000492,ag_news,eu.amazon.nova-pro-v1:0,Sports,Sports,0.95,True,False,1527,443,11a09d06ee7a89ed,0.1111111111111111,,0.2,,0.3333333333333333,,0.3333333333333333,,0.4,,0.6666666666666666,,0.19656102857142854,,,0.2222222222222222,0.5,0.13562916666666638,0.08659305555555583,0.13647103174603128,0.08575119047619092,0.2222222222222222,,2,0.16399392847646505,0.16399392847646505,,,1,False,0,False,False,False,False,,True,True,False,True,0,0
ag_news_test_006762,ag_news,eu.amazon.nova-pro-v1:0,Sci/Tech,Sci/Tech,0.9,True,False,1773,517,703d0e5409ffb03f,0.3333333333333333,0.0,0.5,0.0,0.6,0.0,0.75,0.0,1.0,0.0,0.75,0.0,0.4142563878571427,1.0,1.0,0.18666666666666668,0.3,0.09387104978354946,0.09279561688311722,0.0989670887445884,0.08769957792207828,0.4666666666666667,0.0,4,0.06691592962019503,0.55904877130502,-0.23774012737030542,-0.12056085507412943,3,True,0,True,True,False,False,Business,True,True,True,True,3,0
ag_news_test_004772,ag_news,eu.amazon.nova-pro-v1:0,Sports,Sports,0.95,True,False,1610,741,b98438184fce91e5,,,0.3,,,,,,0.6,,,,0.12427216232142857,,,,,,,,,,,0,,,,,0,False,0,False,False,False,False,,True,False,False,True,0,0
ag_news_test_002022,ag_news,eu.amazon.nova-pro-v1:0,World,World,0.95,True,False,1730,620,0e31a15b0d4b24b3,0.1,0.4,0.4444444444444444,0.2857142857142857,0.3333333333333333,0.5714285714285714,0.3333333333333333,0.6666666666666666,0.8,0.6666666666666666,0.6666666666666666,0.8,0.3316234021428571,0.3333333333333334,0.6666666666666667,0.3380952380952381,0.6266666666666666,0.11315996003995943,0.2249352780552787,0.11491817099567062,0.2231770670995675,0.21666666666666667,0.4857142857142857,4,0.41222774929915934,0.2433261551547739,0.5180795952654087,0.4752774974772956,3,True,0,True,True,False,False,Sports,True,True,True,True,4,1
ag_news_test_000697,ag_news,eu.amazon.nova-pro-v1:0,World,World,0.95,True,False,1691,645,307edbf0e8347f15,0.2222222222222222,,0.5555555555555556,,0.4,,1.0,,1.0,,1.0,,0.46026097267857136,0.19999999999999998,0.6,0.3111111111111111,1.0,0.06496666666666656,0.24614444444444455,0.0676416666666665,0.24346944444444463,0.3111111111111111,,2,1.0,1.0,,,1,False,0,False,False,False,False,,True,True,False,True,2,2
ag_news_test_004983,ag_news,qwen.qwen3-235b-a22b-2507-v1:0,Sci/Tech,Sci/Tech,0.98,True,False,1541,405,d090938e39303f01,0.625,,0.3333333333333333,,0.375,,0.8333333333333334,,0.6,,0.6,,0.32711654285714276,,,0.5,0.7166666666666667,0.1984495129870161,0.3015504870129839,0.2147273989899029,0.2852726010100971,0.5,,2,0.46871104316200507,0.46871104316200507,,,1,False,0,False,False,False,False,,True,True,False,True,3,3
ag_news_test_001223,ag_news,qwen.qwen3-235b-a22b-2507-v1:0,Business,Business,0.98,True,False,1652,433,9d013e566f583003,0.42857142857142855,,0.5,,0.6,,1.0,,0.8,,1.0,,0.3478970571428571,0.6666666666666669,0.8333333333333335,0.5142857142857142,1.0,0.1162823412698415,0.39800337301587274,0.119759523809524,0.39452619047619025,0.5142857142857142,,2,1.0,1.0,,,1,False,0,False,False,False,False,,True,True,False,True,3,3
ag_news_test_003283,ag_news,qwen.qwen3-235b-a22b-2507-v1:0,Sports,Sports,0.98,True,False,1829,545,6b8688d9df4228aa,0.2,,0.4,,0.3333333333333333,,0.6666666666666666,,0.8,,0.6666666666666666,,0.37016326385714277,0.6666666666666669,0.8333333333333335,0.26666666666666666,0.6666666666666666,0.10197012987012959,0.16469653679653706,0.11310303030302978,0.1535636363636369,0.26666666666666666,,2,0.4381555010419086,0.4381555010419086,,,1,False,0,False,False,False,False,,True,True,False,True,2,2
ag_news_test_002300,ag_news,qwen.qwen3-235b-a22b-2507-v1:0,World,Business,0.95,False,False,1586,407,35784201bb6c9372,0.3,,0.5714285714285714,,0.25,,0.5,,1.0,,0.5,,0.3175500571428571,0.3333333333333334,0.6666666666666667,0.275,0.5,0.16875790043290165,0.10624209956709837,0.18582974386724488,0.08917025613275514,0.275,,2,0.18591548468053998,0.18591548468053998,,,1,False,0,False,False,False,False,,True,True,False,True,2,2
ag_news_test_000981,ag_news,qwen.qwen3-235b-a22b-2507-v1:0,Sci/Tech,Sci/Tech,0.98,True,False,1471,348,738fa585e9337bf6,0.6,,1.0,,0.6,,1.0,,1.0,,1.0,,0.21928499999999995,0.19999999999999998,0.6,0.6,1.0,0.1613261904761918,0.4386738095238082,0.1805428571428592,0.41945714285714075,0.6,,2,1.0,1.0,,,1,False,0,False,False,False,False,,True,True,False,True,3,3
ag_news_test_003796,ag_news,qwen.qwen3-235b-a22b-2507-v1:0,Business,Sci/Tech,0.95,False,False,1636,429,d0f694ea81775b10,0.45454545454545453,,0.625,,0.3,,0.625,,1.0,,0.6,,0.24256561339285712,0.0,0.5,0.37727272727272726,0.6125,0.1609479541292055,0.21632477314352175,0.1768240044677559,0.20044872280497136,0.37727272727272726,,2,0.334024651715608,0.334024651715608,,,1,False,0,False,False,False,False,,True,True,False,True,3,3
ag_news_test_002873,ag_news,qwen.qwen3-235b-a22b-2507-v1:0,Business,Business,0.95,True,False,1590,418,1d2b82039e416b33,0.25,,0.5714285714285714,,0.4,,0.6666666666666666,,1.0,,0.6666666666666666,,0.407775057142857,0.6666666666666669,0.8333333333333335,0.325,0.6666666666666666,0.11205555555555571,0.2129444444444443,0.12157460317460317,0.20342539682539684,0.325,,2,0.4411868434922811,0.4411868434922811,,,1,False,0,False,False,False,False,,True,True,False,True,2,2
ag_news_test_002291,ag_news,qwen.qwen3-235b-a22b-2507-v1:0,Sci/Tech,Sci/Tech,0.95,True,False,1532,345,7dfaf34897560923,0.42857142857142855,,0.6,,0.25,,0.75,,0.75,,0.5,,0.20616299999999996,0.6666666666666669,0.8333333333333335,0.3392857142857143,0.625,0.14386507936507897,0.19542063492063533,0.15206249999999888,0.18722321428571542,0.3392857142857143,,2,0.3788330534221501,0.3788330534221501,,,1,False,0,False,False,False,False,,True,True,False,True,2,2
ag_news_test_003454,ag_news,qwen.qwen3-235b-a22b-2507-v1:0,World,World,0.98,True,False,1934,478,3c62430b0a572f70,0.5,,0.5,,0.6666666666666666,,0.8,,0.8,,0.8,,0.44789705714285705,1.0,1.0,0.5833333333333333,0.8,0.16089478715728456,0.4224385461760487,0.1780345057720022,0.40529882756133107,0.5833333333333333,,2,0.6073896137083876,0.6073896137083876,,,1,False,0,False,False,False,True,,True,True,False,True,3,3
ag_news_test_000788,ag_news,qwen.qwen3-235b-a22b-2507-v1:0,Business,Business,0.98,True,False,2393,578,1abb997e9f1de140,0.4444444444444444,,0.625,,0.6666666666666666,,0.8,,1.0,,0.8,,0.41338262767857137,0.7999999999999999,0.8999999999999999,0.5555555555555556,0.8,0.126097610028862,0.4294579455266936,0.1637475649350659,0.39180799062048965,0.5555555555555556,,2,0.6276894881268953,0.6276894881268953,,,1,False,0,False,False,False,False,Business,True,True,False,True,4,4
ag_news_test_000557,ag_news,qwen.qwen3-235b-a22b-2507-v1:0,Sci/Tech,Sci/Tech,0.98,True,False,1338,301,c14845c7ad6bc09d,0.3333333333333333,,0.42857142857142855,,0.14285714285714285,,0.6666666666666666,,0.6,,0.3333333333333333,,0.17481599999999994,,,0.23809523809523808,0.5,0.14719761904761952,0.09089761904761856,0.16877857142857292,0.06931666666666517,0.23809523809523808,,2,0.202249297094658,0.202249297094658,,,1,False,0,False,False,False,False,,True,True,False,True,1,1
ag_news_test_000683,ag_news,qwen.qwen3-235b-a22b-2507-v1:0,World,World,0.98,True,False,1877,586,b3554190b7162ed3,,,0.2727272727272727,,,,,,1.0,,,,0.25375861027987007,,,,,,,,,,,0,,,,,0,False,0,False,False,False,False,,True,False,False,True,0,0
ag_news_test_000240,ag_news,qwen.qwen3-235b-a22b-2507-v1:0,Sci/Tech,Sci/Tech,0.95,True,False,1641,437,8b666914e909e2f7,0.6666666666666666,0.25,0.625,0.2727272727272727,0.7142857142857143,0.3333333333333333,0.8571428571428571,0.42857142857142855,1.0,0.42857142857142855,1.0,0.6,0.25122412767857144,-0.39999999999999997,0.30000000000000004,0.44740259740259747,0.6628571428571429,0.16344948329448228,0.2839531141081152,0.19608179875679657,0.2513207986458009,0.6904761904761905,0.29166666666666663,4,0.3955855638850338,0.8492338523830363,0.2154683062473459,0.12205453302471911,3,True,0,True,True,False,False,Business,True,True,True,True,5,3
ag_news_test_002793,ag_news,qwen.qwen3-235b-a22b-2507-v1:0,Sports,Sports,0.98,True,False,1674,435,a583c29a6dd1ec26,0.14285714285714285,,0.42857142857142855,,0.3333333333333333,,1.0,,1.0,,1.0,,0.39034154285714273,,,0.23809523809523808,1.0,0.048404761904761756,0.18969047619047633,0.05589285714285684,0.18220238095238123,0.23809523809523808,,2,1.0,1.0,,,1,False,1,False,False,False,False,,True,True,False,True,1,1
ag_news_test_002559,ag_news,qwen.qwen3-235b-a22b-2507-v1:0,World,World,0.98,True,False,1984,409,90e59b20ad0539a4,0.3,,0.5,,0.25,,0.5,,1.0,,0.6666666666666666,,0.36756549999999993,,,0.275,0.5833333333333333,0.213683946608948,0.06131605339105203,0.2172478896103907,0.05775211038960931,0.275,,2,0.1958031226991701,0.1958031226991701,,,1,False,0,False,False,False,False,World,True,True,False,True,2,2
ag_news_test_003367,ag_news,qwen.qwen3-235b-a22b-2507-v1:0,World,World,0.95,True,False,1627,414,56cdb3dc8f4338cb,0.2222222222222222,0.0,0.2,0.0,0.2857142857142857,0.0,0.5,0.0,0.4,0.0,0.5,0.0,0.19656102857142854,,,0.10158730158730159,0.2,0.09421400793650836,0.007373293650793228,0.09755472222222265,0.004032579365078934,0.25396825396825395,0.0,4,-0.1486354432323401,0.17790319411250344,-0.3571428571428571,-0.26666666666666666,3,True,1,True,True,False,False,Sci/Tech,True,True,True,True,1,0
ag_news_test_003257,ag_news,qwen.qwen3-235b-a22b-2507-v1:0,Sci/Tech,Sci/Tech,0.98,True,False,1742,460,71c893f4743e0694,0.3076923076923077,,0.5,,0.25,,0.5714285714285714,,0.8,,0.6,,0.22593355714285712,-0.3333333333333334,0.33333333333333326,0.27884615384615385,0.5857142857142856,0.2006563446969713,0.07818980914918255,0.2181548680486195,0.060691285797534356,0.27884615384615385,,2,0.19934180225254633,0.19934180225254633,,,1,False,0,False,False,False,False,,True,True,False,True,3,3
ag_news_test_006888,ag_news,qwen.qwen3-235b-a22b-2507-v1:0,Sports,Sports,0.98,True,False,1898,517,c6f3d2bb161a278f,0.1,,0.625,,0.14285714285714285,,0.3333333333333333,,1.0,,0.3333333333333333,,0.2643461276785714,-0.39999999999999997,0.30000000000000004,0.12142857142857143,0.3333333333333333,0.09146517857142772,0.02996339285714371,0.10086617063491982,0.02056240079365161,0.12142857142857143,,2,0.05770468017797661,0.05770468017797661,,,1,False,0,False,False,False,False,,True,True,False,True,1,1
ag_news_test_006953,ag_news,qwen.qwen3-235b-a22b-2507-v1:0,Sci/Tech,Sci/Tech,0.98,True,False,1454,346,fcdb43750da9cf8c,0.5714285714285714,,0.5714285714285714,,1.0,,0.8,,0.8,,1.0,,0.27252899999999997,0.3333333333333334,0.6666666666666667,0.7857142857142857,0.9,0.19665615079365145,0.5890581349206343,0.20561845238095308,0.5800958333333326,0.7857142857142857,,2,0.7920559177364069,0.7920559177364069,,,1,False,0,False,False,False,False,,True,True,False,True,4,4
ag_news_test_004405,ag_news,qwen.qwen3-235b-a22b-2507-v1:0,Sports,Sports,0.98,True,False,2290,555,997e75e6d37ba94b,0.125,,0.3,,0.2,,1.0,,0.6,,1.0,,0.33193067660714276,,,0.1625,1.0,0.040356250000000156,0.12214374999999986,0.040293750000000156,0.12220624999999985,0.1625,,2,1.0,1.0,,,1,False,1,False,False,False,False,Sports,True,True,False,True,1,1
ag_news_test_000492,ag_news,qwen.qwen3-235b-a22b-2507-v1:0,Sports,Sports,0.99,True,False,1595,415,11a09d06ee7a89ed,0.4444444444444444,,0.5,,0.8333333333333334,,0.6666666666666666,,0.8,,1.0,,0.421122057142857,0.6666666666666669,0.8333333333333335,0.6388888888888888,0.8333333333333333,0.21112506313131665,0.4277638257575722,0.22067468434343834,0.4182142045454505,0.6388888888888888,,2,0.6710199398119929,0.6710199398119929,,,1,False,0,False,False,False,False,,True,True,False,True,4,4
ag_news_test_006762,ag_news,qwen.qwen3-235b-a22b-2507-v1:0,Sci/Tech,World,0.95,False,False,1715,520,703d0e5409ffb03f,0.4444444444444444,,0.4444444444444444,,0.25,,0.8,,0.8,,0.4,,0.37181190214285714,0.6666666666666669,0.8333333333333335,0.3472222222222222,0.6000000000000001,0.12968670634920826,0.21753551587301395,0.16166822691197774,0.18555399531024447,0.3472222222222222,,2,0.38883969590833695,0.38883969590833695,,,1,False,0,False,False,False,False,,True,True,False,True,2,2
ag_news_test_004772,ag_news,qwen.qwen3-235b-a22b-2507-v1:0,Sports,Sports,0.98,True,False,2318,536,b98438184fce91e5,,,0.625,,,,,,1.0,,,,0.3002606276785714,0.19999999999999998,0.6,,,,,,,,,0,,,,,0,False,0,False,False,False,False,Sports,True,False,False,True,0,0
ag_news_test_002022,ag_news,qwen.qwen3-235b-a22b-2507-v1:0,World,World,0.98,True,False,2356,558,0e31a15b0d4b24b3,0.3333333333333333,,0.3,,0.5,,0.75,,0.6,,0.75,,0.17305267660714282,,,0.41666666666666663,0.75,0.11265292207792199,0.30401374458874464,0.1209028679653676,0.29576379870129904,0.41666666666666663,,2,0.5644283054034398,0.5644283054034398,,,1,False,0,False,False,False,False,World,True,True,False,True,2,2
ag_news_test_000697,ag_news,qwen.qwen3-235b-a22b-2507-v1:0,World,World,0.98,True,False,1846,553,307edbf0e8347f15,0.1111111111111111,,0.5555555555555556,,0.2,,1.0,,1.0,,1.0,,0.3055017471428571,0.0,0.5,0.15555555555555556,1.0,0.037816666666667074,0.11773888888888848,0.04015000000000048,0.11540555555555508,0.15555555555555556,,2,1.0,1.0,,,1,False,1,False,False,False,False,,True,True,False,True,1,1
ag_news_test_004983,ag_news,deepseek.v3-v1:0,Sci/Tech,Sci/Tech,0.95,True,False,2051,495,d090938e39303f01,0.18181818181818182,0.5714285714285714,0.375,0.1111111111111111,0.25,0.3333333333333333,0.3333333333333333,1.0,0.75,0.25,0.5,0.5,0.18699454285714281,,,0.28953823953823954,0.5166666666666666,0.16664778138528186,0.12289045815295768,0.19133006132756208,0.09820817821067745,0.2159090909090909,0.45238095238095233,4,0.19809298529881902,0.06564467094653989,0.6165034134758088,-0.08786912852589165,3,True,0,True,False,True,False,Business,True,True,True,True,3,1
ag_news_test_001223,ag_news,deepseek.v3-v1:0,Business,Business,0.95,True,False,1671,494,9d013e566f583003,0.2857142857142857,1.0,0.5714285714285714,0.2857142857142857,0.2,0.5714285714285714,1.0,1.0,1.0,1.0,0.5,1.0,0.3077085571428571,0.3333333333333334,0.6666666666666667,0.4685714285714285,0.9,0.12374848235098242,0.3448229462204461,0.1279022854922857,0.34066914307914287,0.24285714285714285,0.7857142857142857,4,0.8812217194570136,0.6436651583710407,1.0,1.0,3,True,0,True,True,False,False,Sports,True,True,True,True,5,1
ag_news_test_003283,ag_news,deepseek.v3-v1:0,Sports,Sports,0.95,True,False,1846,538,6b8688d9df4228aa,0.09090909090909091,0.3333333333333333,0.3,0.2,0.4,0.4,0.3333333333333333,1.0,0.75,0.3333333333333333,0.6666666666666666,0.6666666666666666,0.2776265836071428,,,0.28484848484848485,0.5999999999999999,0.09508181818181813,0.18976666666666672,0.14222545454545243,0.14262303030303242,0.24545454545454548,0.3666666666666667,4,0.35387967883105725,0.1938727110685766,0.7357373787615021,0.132028946663093,3,True,0,True,True,False,False,Business,True,True,True,True,2,1
ag_news_test_002300,ag_news,deepseek.v3-v1:0,World,Business,0.95,False,False,1606,450,35784201bb6c9372,0.25,0.4,0.42857142857142855,0.25,0.2,0.42857142857142855,0.6666666666666666,0.5714285714285714,1.0,0.6666666666666666,0.3333333333333333,1.0,0.14580604285714283,,,0.3057142857142857,0.6476190476190476,0.1344967760017764,0.17121750971250932,0.19101640470640185,0.11469788100788386,0.225,0.41428571428571426,4,0.4377711377233118,0.271278391305,0.6202847175229902,0.4217503043419451,3,True,0,True,True,False,False,Sports,True,True,True,True,4,1
ag_news_test_000981,ag_news,deepseek.v3-v1:0,Sci/Tech,Sci/Tech,0.95,True,False,1917,449,738fa585e9337bf6,0.6,,0.5,,0.75,,1.0,,0.75,,1.0,,0.23804099999999995,,,0.675,1.0,0.15445476190476262,0.5205452380952375,0.2531267857142865,0.42187321428571356,0.675,,2,1.0,1.0,,,1,False,0,False,False,False,False,Sci/Tech,True,True,False,True,3,3
ag_news_test_003796,ag_news,deepseek.v3-v1:0,Business,Sci/Tech,0.95,False,False,1675,526,d0f694ea81775b10,0.6,0.6,0.625,0.3333333333333333,0.4444444444444444,0.625,0.75,0.75,1.0,0.5,0.8,1.0,0.2820356276785714,0.39999999999999997,0.7,0.5205555555555555,0.76,0.16538580253080362,0.35516975302475196,0.23438762681762718,0.2861679287379284,0.5222222222222221,0.6125,4,0.5038073770671746,0.570750566168631,0.7555395919306676,0.18513197310222512,3,True,0,True,True,False,False,Business,True,True,True,True,5,4
ag_news_test_002873,ag_news,deepseek.v3-v1:0,Business,Business,0.95,True,False,2068,523,1d2b82039e416b33,0.25,0.25,0.42857142857142855,0.2,0.5,0.2,0.6666666666666666,0.6666666666666666,1.0,0.3333333333333333,0.6666666666666666,0.3333333333333333,0.39034154285714273,,,0.27999999999999997,0.5333333333333333,0.10320777777777783,0.17679222222222213,0.12974984126984013,0.15025015873015984,0.375,0.225,4,0.2760706820675982,0.4361271766297397,0.271278391305,0.12080647826805488,3,True,0,True,False,True,False,Sci/Tech,True,True,True,True,2,1
ag_news_test_002291,ag_news,deepseek.v3-v1:0,Sci/Tech,Sci/Tech,0.95,True,False,2072,502,7dfaf34897560923,0.09090909090909091,0.42857142857142855,0.6,0.16666666666666666,0.2,0.25,0.25,0.75,0.75,0.3333333333333333,0.5,0.5,0.22667499999999996,,,0.22722943722943723,0.4666666666666666,0.1612511599511584,0.06597827727827882,0.18939254634254316,0.03783689088689407,0.14545454545454545,0.3392857142857143,4,0.09468857829041628,-0.02508230726777931,0.3788330534221501,-0.06968501128312192,3,True,0,True,False,True,False,Sports,True,True,True,True,3,0
ag_news_test_003454,ag_news,deepseek.v3-v1:0,World,World,0.95,True,False,1604,445,3c62430b0a572f70,0.5714285714285714,0.08333333333333333,0.5,0.1111111111111111,0.5,0.2222222222222222,1.0,0.16666666666666666,0.8,0.25,0.75,0.4,0.46612205714285704,1.0,1.0,0.2976190476190476,0.5133333333333334,0.15463010461760573,0.14298894300144188,0.24774874098124194,0.04987030663780567,0.5357142857142857,0.15277777777777776,4,0.22886587428438424,0.7761859819075432,-0.035486873952584375,-0.05410148510180596,3,True,0,True,True,False,False,Sci/Tech,True,True,True,True,3,1
ag_news_test_000788,ag_news,deepseek.v3-v1:0,Business,Business,0.95,True,False,1768,526,1abb997e9f1de140,0.25,0.25,0.5,1.0,0.5,0.5,1.0,1.0,1.0,1.0,1.0,1.0,0.37181190214285714,0.6666666666666669,0.8333333333333335,0.5,1.0,0.06352444444444502,0.43647555555555495,0.11177555555555559,0.3882244444444444,0.375,0.375,4,1.0,1.0,1.0,1.0,3,True,0,True,True,False,False,Sports,True,True,True,True,2,2
ag_news_test_000557,ag_news,deepseek.v3-v1:0,Sci/Tech,Sci/Tech,0.95,True,False,1291,311,c14845c7ad6bc09d,0.16666666666666666,,0.5,,0.2,,0.5,,0.75,,0.5,,0.22004099999999996,,,0.18333333333333335,0.5,0.10767499999999883,0.07565833333333452,0.1270916666666649,0.05624166666666844,0.18333333333333335,,2,0.2183392889588759,0.2183392889588759,,,1,False,0,False,False,False,False,,True,True,False,True,1,1
ag_news_test_000683,ag_news,deepseek.v3-v1:0,World,World,0.95,True,False,1997,694,b3554190b7162ed3,0.0,0.25,0.36363636363636365,0.25,0.0,0.14285714285714285,0.0,0.75,1.0,1.0,0.0,0.25,0.5373448137064935,1.0,1.0,0.12857142857142856,0.4,0.05850613886113949,0.07006528971028907,0.07596290376290417,0.05260852480852439,0.0,0.19642857142857142,4,0.3843302084654033,-0.1538461538461538,0.30683677924236363,1.0,3,True,1,True,True,False,False,Business,True,True,True,True,1,0
ag_news_test_000240,ag_news,deepseek.v3-v1:0,Sci/Tech,Business,0.85,False,False,1446,465,8b666914e909e2f7,0.4444444444444444,,0.375,,0.6,,0.8,,1.0,,1.0,,0.3632776766071428,,,0.5222222222222221,0.9,0.11953405483405574,0.4026881673881664,0.16210992965368076,0.3601122925685414,0.5222222222222221,,2,0.8104846544551201,0.8104846544551201,,,1,False,0,False,False,False,False,,True,True,False,True,3,3
ag_news_test_002793,ag_news,deepseek.v3-v1:0,Sports,Sports,1.0,True,False,2232,578,a583c29a6dd1ec26,0.14285714285714285,0.4,0.42857142857142855,0.0,0.3333333333333333,0.25,1.0,0.5714285714285714,1.0,0.0,1.0,0.6666666666666666,0.31399454285714273,,,0.22523809523809524,0.6476190476190475,0.09622645854145853,0.1290116366966367,0.12749944999444815,0.09773864524364709,0.23809523809523808,0.325,4,0.6655799348469814,1.0,0.3311598696939628,,2,False,2,True,False,True,False,Sci/Tech,True,True,True,True,3,0
ag_news_test_002559,ag_news,deepseek.v3-v1:0,World,World,0.95,True,False,1489,414,90e59b20ad0539a4,0.0,0.3333333333333333,0.6666666666666666,0.0,0.0,0.5,0.0,1.0,1.0,0.0,0.0,1.0,0.37740699999999994,1.0,1.0,0.16666666666666666,0.4,0.10605904761904679,0.06060761904761987,0.1127914285714277,0.05387523809523896,0.0,0.41666666666666663,4,0.17203564227534063,-0.38966814916182,1.0,-0.09422492401215805,3,True,0,True,True,False,False,Sports,True,True,True,True,2,0
ag_news_test_003367,ag_news,deepseek.v3-v1:0,World,World,0.95,True,False,2044,526,56cdb3dc8f4338cb,0.2857142857142857,,0.5714285714285714,,0.2,,1.0,,1.0,,0.5,,0.3627750571428571,0.3333333333333334,0.6666666666666667,0.24285714285714285,0.75,0.09054464285714245,0.1523125000000004,0.11335892857142774,0.12949821428571512,0.24285714285714285,,2,0.6361702127659574,0.6361702127659574,,,1,False,0,False,False,False,False,World,True,True,False,True,1,1
ag_news_test_003257,ag_news,deepseek.v3-v1:0,Sci/Tech,Sci/Tech,0.95,True,False,2338,573,71c893f4743e0694,0.1,,0.2222222222222222,,0.3333333333333333,,0.25,,0.5,,0.5,,0.09756102857142857,,,0.21666666666666667,0.375,0.1185705357142853,0.09809613095238137,0.13384861111111146,0.08281805555555521,0.21666666666666667,,2,0.088741845812167,0.088741845812167,,,1,False,0,False,False,False,False,Sci/Tech,True,True,False,True,1,1
ag_news_test_006888,ag_news,deepseek.v3-v1:0,Sports,Sports,0.99,True,False,2440,597,c6f3d2bb161a278f,0.1111111111111111,,0.5,,0.2,,0.5,,1.0,,0.5,,0.2866899021428571,-0.3333333333333334,0.33333333333333326,0.15555555555555556,0.5,0.06783055555555634,0.08772499999999922,0.10206666666666682,0.05348888888888874,0.15555555555555556,,2,0.2689899292354628,0.2689899292354628,,,1,False,0,False,False,False,False,Sports,True,True,False,True,1,1
ag_news_test_006953,ag_news,deepseek.v3-v1:0,Sci/Tech,Sci/Tech,0.95,True,False,1980,466,fcdb43750da9cf8c,0.4444444444444444,,0.6666666666666666,,0.375,,0.6666666666666666,,1.0,,0.75,,0.27252899999999997,0.0,0.5,0.4097222222222222,0.7083333333333333,0.21484740259740648,0.19487481962481573,0.24340021645022009,0.16632200577200212,0.4097222222222222,,2,0.4067507044758616,0.4067507044758616,,,1,False,0,False,False,False,False,Sci/Tech,True,True,False,True,3,3
ag_news_test_004405,ag_news,deepseek.v3-v1:0,Sports,Sports,0.99,True,False,2273,620,997e75e6d37ba94b,0.0,,0.3333333333333333,,0.25,,0.0,,0.75,,1.0,,0.3632776766071428,,,0.125,0.5,0.039781250000000004,0.08521875,0.043,0.082,0.125,,2,1.0,1.0,,,1,False,1,False,False,False,False,Sports,True,True,False,True,0,0
ag_news_test_000492,ag_news,deepseek.v3-v1:0,Sports,Sports,1.0,True,False,1623,466,11a09d06ee7a89ed,0.7142857142857143,0.5714285714285714,0.5714285714285714,0.5,0.5,0.6,1.0,1.0,1.0,0.75,0.75,0.75,0.3028970571428571,0.0,0.5,0.5771428571428572,0.85,0.16389078643578564,0.41325207070707154,0.19897290043289945,0.37816995670995773,0.6071428571428572,0.5857142857142856,4,0.6904685675680794,0.7678761717268409,0.7677771875237156,0.5357523434536817,3,True,0,True,True,False,False,Business,True,True,True,True,5,2
ag_news_test_006762,ag_news,deepseek.v3-v1:0,Sci/Tech,World,0.85,False,False,2611,652,703d0e5409ffb03f,0.375,0.2,0.2,0.16666666666666666,0.16666666666666666,0.3333333333333333,1.0,0.5,0.5,0.3333333333333333,0.3333333333333333,0.5,0.16351845107142857,,,0.2483333333333333,0.5333333333333333,0.09440104978354945,0.15393228354978383,0.11597365440115326,0.13235967893218004,0.2708333333333333,0.26666666666666666,4,0.30945985603528664,0.5642263341378385,0.23570056569234418,0.1284526682756771,3,True,0,True,False,True,True,Sports,True,True,True,True,3,0
ag_news_test_004772,ag_news,deepseek.v3-v1:0,Sports,Sports,0.99,True,False,2268,599,b98438184fce91e5,0.1111111111111111,,0.3333333333333333,,0.2,,0.5,,0.75,,0.5,,0.21449716232142854,,,0.15555555555555556,0.5,0.0820652777777783,0.07349027777777725,0.10389444444444462,0.051661111111110936,0.15555555555555556,,2,0.2280072649373632,0.2280072649373632,,,1,False,0,False,False,False,False,Sports,True,True,False,True,1,1
ag_news_test_002022,ag_news,deepseek.v3-v1:0,World,World,0.95,True,False,2246,623,0e31a15b0d4b24b3,0.2,,0.625,,0.2857142857142857,,0.5,,1.0,,0.5,,0.3133826276785714,0.6,0.8,0.24285714285714285,0.5,0.11265292207792199,0.13020422077922086,0.12436084956709878,0.11849629329004407,0.24285714285714285,,2,0.23441806080988234,0.23441806080988234,,,1,False,0,False,False,False,False,World,True,True,False,True,2,2
ag_news_test_000697,ag_news,deepseek.v3-v1:0,World,World,0.95,True,False,1891,655,307edbf0e8347f15,,0.2727272727272727,0.4444444444444444,,,0.125,,0.6,1.0,,,0.25,0.3959802781428571,0.6666666666666669,0.8333333333333335,0.19886363636363635,0.425,0.12077933871683794,0.07808429764679842,0.12750694375069332,0.07135669261294303,,0.19886363636363635,2,0.17629569269246523,,0.17629569269246523,,1,False,0,True,True,False,False,Sports,True,False,True,True,1,1
